Workbook

Sheet Sheet1
A1: Aktenzeichen | B1: Landgericht | C1: Verfügbar | D1: Die Beklagte wird verurteilt zu unterlassen | E1: Entscheidung (Untrelassung) | F1: Kather Augenstein | G1: Link DE | H1: Link EN | I1: Darts-IP | J1: eJustiz | K1: Link | L1: Zugehörigen Aktenzeichen | M1: Klage auf Unterlassung | N1: Urteil | O1: Prehuawei | P1: AASI | Q1: Streitwert | S1: First contact | T1: Date of complaint | U1: First notice of infringement (first contact?) | V1: First licensing offer | W1: Date of decision | X1: Dominant position | Y1: Abuse of dominant position | Z1: Notice of Infringement | AA1: Willingness to license | AB1: FRAND offer | AC1: Formal | AD1: Substantially | AE1: Pool | AF1: Worldwide
A2: 4a O 144/14 | B2: Duesseldorf | C2: Yes | D2: Yes | E2: Yes | F2: No | G2: - | H2: - | I2: Yes | J2: Yes | K2: http://www.justiz.nrw.de/nrwe/lgs/duesseldorf/lg_duesseldorf/j2015/4a_O_144_14_Urteil_20151103.html | L2: I-15 U 41/17 | M2: 08.09.2014 | N2: 03.11.2015 | O2: 1 | Q2: 500000 | S2: 20.12.2012 | T2: 18.12.2014 | U2: 18.12.2014 | V2: 13.10.2014 | W2: 03.11.2015 | AA2: Yes | AE2: Yes? | AF2: Yes
A3: 4b O 51/14 | B3: Duesseldorf | C3: Yes | D3: No | E3: No | F3: No | G3: - | H3: - | I3: Yes | J3: Yes | K3: http://www.justiz.nrw.de/nrwe/lgs/duesseldorf/lg_duesseldorf/j2016/4b_O_51_14_Schlussurteil_20160119.html | L3: - | M3: 10.03.2014 | N3: 19.01.2016 | O3: 1 | Q3: 2000000 | T3: 12.05.2014 | U3: 12.05.2014 | W3: 19.01.2016 | AA3: Yes | AE3: ? | AF3: ?
A4: 4a O 126/14 | B4: Duesseldorf | C4: Yes | D4: Yes | E4: Yes | F4: No | G4: - | H4: - | I4: Yes | J4: Yes | K4: http://www.justiz.nrw.de/nrwe/lgs/duesseldorf/lg_duesseldorf/j2016/4a_O_126_14_Teil_Verzichts_und_Schlussurteil_20160331.html | L4: 4a O 73/14; I-15 U 35/16 | M4: 23.07.2014 | N4: 31.03.2016 | O4: 1 | Q4: 2000000 | T4: 12.11.2014 | U4: 12.11.2014 | W4: 31.03.2016 | AB4: No? | AD4: No? | AE4: Yes | AF4: No?
A5: 4a O 73/14 | B5: Duesseldorf | C5: Yes | D5: Yes | E5: Yes | F5: Yes | G5: https://www.katheraugenstein.com/app/uploads/2016-03-31-4a-O-73_14-DE-pdf-2.pdf | H5: https://www.katheraugenstein.com/app/uploads/2016-03-31-4a-O-73_14-EN-pdf-1.pdf | I5: Yes | J5: Yes | K5: http://www.justiz.nrw.de/nrwe/lgs/duesseldorf/lg_duesseldorf/j2016/4a_O_73_14_Teil_Verzichts_und_Schlussurteil_20160331.html | L5: - | M5: 23.07.2014 | N5: 31.03.2016 | O5: 1 | Q5: 2000000 | T5: 23.07.2014 | U5: 23.07.2014 | W5: 31.03.2016
A6: 4a O 16/16 | B6: Duesseldorf | C6: Yes | D6: Yes | E6: No | F6: Yes | G6: https://www.katheraugenstein.com/app/uploads/2017-07-13-4a-O-16_16-DE-pdf-2.pdf | H6: https://www.katheraugenstein.com/app/uploads/2017-07-13-4a-O-16_16-EN-pdf-1.pdf | I6: Yes | J6: Yes | K6: http://www.justiz.nrw.de/nrwe/lgs/duesseldorf/lg_duesseldorf/j2017/4a_O_16_16_Urteil_20170713.html | L6: - | M6: 15.11.2016 | N6: 13.07.2017 | Q6: 1000000 | T6: 18.02.2016 | U6: 18.02.2016 | W6: 13.07.2017 | X6: Yes | Y6: Yes? | Z6: Yes | AA6: Yes | AE6: ? | AF6: Yes
A7: 4a O 35/16 | B7: Duesseldorf | C7: Yes | D7: Yes | E7: No | F7: No | G7: - | H7: - | I7: Yes | J7: Yes | K7: http://www.justiz.nrw.de/nrwe/lgs/duesseldorf/lg_duesseldorf/j2017/4a_O_35_16_Urteil_20170713.html | L7: - | M7: 15.11.2016 | N7: 13.07.2017 | Q7: 1000000 | T7: 09.04.2016 | U7: 09.04.2016 | W7: 13.07.2017 | X7: Yes | Z7: Yes | AA7: Yes
A8: 4c O 72/17 | B8: Duesseldorf | C8: Yes | D8: Yes | E8: No | F8: No | G8: - | H8: - | I8: Yes | J8: Yes | K8: http://www.justiz.nrw.de/nrwe/lgs/duesseldorf/lg_duesseldorf/j2018/4c_O_72_17_Urteil_20180711.html | L8: - | M8: 15.09.2017 | N8: 11.07.2018 | Q8: 4000000 | T8: 25.08.2017 | U8: 25.08.2017 | W8: 11.07.2018 | X8: Yes | Z8: Yes | AA8: Yes
A9: 4c O 77/17 | B9: Duesseldorf | C9: Yes | D9: Yes | E9: No | F9: No | G9: - | H9: - | I9: Yes | J9: Yes | K9: http://www.justiz.nrw.de/nrwe/lgs/duesseldorf/lg_duesseldorf/j2018/4c_O_77_17_Urteil_20180711.html | L9: - | M9: 31.01.2017 | N9: 11.07.2018 | Q9: 4000000 | T9: 11.09.2017 | U9: 11.09.2017 | W9: 11.07.2018 | X9: Yes | Z9: Yes | AA9: Yes
A10: 4a O 15/17 | B10: Duesseldorf | C10: Yes | D10: Yes | E10: Yes | F10: Yes | G10: https://www.katheraugenstein.com/app/uploads/2018-11-09-4a-O-15_17-DE-pdf.pdf | H10: https://www.katheraugenstein.com/app/uploads/2018-11-09-4a-O-15_17-EN-pdf.pdf | I10: Yes | J10: Yes | K10: http://www.justiz.nrw.de/nrwe/lgs/duesseldorf/lg_duesseldorf/j2018/4a_O_15_17_Urteil_20181109.html | L10: - | M10: 15.03.2017 | N10: 09.11.2018 | Q10: 2500000 | T10: 05.02.2017 | U10: 05.02.2017 | W10: 09.11.2018 | X10: Yes | Z10: Yes | AA10: Yes
A11: 4c O 3/17 | B11: Duesseldorf | C11: Yes | D11: Yes | E11: Yes | F11: No | G11: - | H11: - | I11: Yes | J11: Yes | K11: http://www.justiz.nrw.de/nrwe/lgs/duesseldorf/lg_duesseldorf/j2018/4c_O_3_17_Urteil_20181221.html | L11: - | M11: 01.04.2017 | N11: 21.12.2018 | Q11: 5000000/30000000 | T11: 11.01.2017 | U11: 11.01.2017 | W11: 21.12.2018
A12: 4a O 17/17 | B12: Duesseldorf | C12: Yes | D12: Yes | E12: Yes | F12: Yes | G12: https://www.katheraugenstein.com/app/uploads/2018-11-09-4a-O-17_17-DE-pdf.pdf | H12: https://www.katheraugenstein.com/app/uploads/2018-11-09-4a-O-17_17-EN-pdf.pdf | I12: Yes | J12: Yes | K12: http://www.justiz.nrw.de/nrwe/lgs/duesseldorf/lg_duesseldorf/j2018/4a_O_17_17_Urteil_20181109.html | L12: - | M12: 01.06.2017 | N12: 09.11.2018 | Q12: 5000000 | T12: 10.02.2017 | U12: 10.02.2017 | W12: 09.11.2018
A13: 4c O 81/17 | B13: Duesseldorf | C13: Yes | D13: Yes | E13: No | F13: Yes | G13: https://www.katheraugenstein.com:443/app/uploads/2018-07-11-4c-O-81_17-DE-pdf-2.pdf | H13: https://www.katheraugenstein.com:443/app/uploads/2018-07-11-4c-O-81_17-EN-pdf-2.pdf | I13: Yes | J13: Yes | K13: http://www.justiz.nrw.de/nrwe/lgs/duesseldorf/lg_duesseldorf/j2018/4c_O_81_17_Urteil_20180711.html | L13: - | M13: 15.06.2016 | N13: 11.07.2018 | Q13: 4000000 | T13: 24.09.2017 | U13: 24.09.2017 | W13: 11.07.2018
A14: 4c O 12/17 | B14: Duesseldorf | C14: Yes | D14: Yes? | E14: Yes? | F14: No | G14: - | H14: - | I14: Yes | J14: Yes | K14: http://www.justiz.nrw.de/nrwe/lgs/duesseldorf/lg_duesseldorf/j2019/4c_O_12_17_Urteil_20190108.html | L14: - | M14: 01.04.2017 | N14: 08.01.2019 | Q14: 30000000/10000000 | T14: 10.02.2017 | U14: 10.02.2017 | W14: 08.01.2019
A15: 4c O 44/18 | B15: Duesseldorf | C15: Yes | D15: Yes | E15: Yes | F15: No | G15: - | H15: - | I15: Yes | J15: Yes | K15: http://www.justiz.nrw.de/nrwe/lgs/duesseldorf/lg_duesseldorf/j2020/4c_O_44_18_Urteil_20200507.html | L15: - | M15: 01.10.2018 | N15: 07.05.2020 | Q15: 1000000 | W15: 07.05.2020
A16: 4c O 56/18 | B16: Duesseldorf | C16: Yes | D16: Yes | E16: Yes | F16: No | G16: - | H16: - | I16: Yes | J16: Yes | K16: http://www.justiz.nrw.de/nrwe/lgs/duesseldorf/lg_duesseldorf/j2020/4c_O_56_18_Urteil_20200507.html | L16: - | M16: 01.10.2018 | N16: 07.05.2020 | Q16: 1000000 | T16: 24.09.2018 | U16: 03.09.2018 | W16: 07.05.2020
A17: 4c O 69/18 | B17: Duesseldorf | C17: Yes | D17: Yes | E17: Yes | F17: No | G17: - | H17: - | I17: Yes | J17: Yes | K17: http://www.justiz.nrw.de/nrwe/lgs/duesseldorf/lg_duesseldorf/j2020/4c_O_69_18_Anerkenntnisurteil_20200507.html | L17: - | M17: 01.12.2018 | N17: 07.05.2020 | Q17: 1000000 | T17: 22.11.2018 | U17: 22.11.2018 | W17: 07.05.2020
A18: 4c O 17/19 | B18: Duesseldorf | C18: Yes | D18: Yes | E18: No? | F18: Yes | G18: https://www.katheraugenstein.com:443/app/uploads/2020-11-26-LG-Duesseldorf-4c-O-17_19_DE.pdf | H18: https://www.katheraugenstein.com:443/app/uploads/2020-11-26-LG-Duesseldorf-4c-O-17_19_EN.pdf | I18: Yes | J18: Yes | K18: http://www.justiz.nrw.de/nrwe/lgs/duesseldorf/lg_duesseldorf/j2020/4c_O_17_19_Beschluss_20201126.html | L18: - | M18: 15.03.2019 | N18: 26.11.2020 | Q18: ? | T18: 21.03.2019 | U18: 21.03.2019 | W18: 26.11.2020
A19: 7 O 96/14 | B19: Mannheim | C19: Yes | D19: Yes | E19: Yes | F19: Yes | G19: https://openjur.de/u/884742.html | H19: - | I19: Yes | J19: Yes | K19: http://lrbw.juris.de/cgi-bin/laender_rechtsprechung/document.py?Gericht=bw&GerichtAuswahl=Landgerichte&Art=en&sid=0790c421fe7d2d5a437b3b2305786018&nr=20517&anz=1&pos=0&Blank=1 | L19: 6 U 55/16 | M19: 01.07.2014 | N19: 08.01.2016 | O19: 1 | Q19: - | T19: 22.06.2014 | U19: 22.06.2014 | W19: 08.01.2016
A20: 7 O 66/15 | B20: Mannheim | C20: Yes | D20: Yes | E20: Yes | F20: Yes | G20: https://openjur.de/u/878158.html | H20: - | I20: Yes | J20: Yes | K20: http://lrbw.juris.de/cgi-bin/laender_rechtsprechung/document.py?Gericht=bw&GerichtAuswahl=Landgerichte&Art=en&sid=8366362dbe6de75dedf5f0aa93fa55fa&nr=20430&anz=1&pos=0&Blank=1 | L20: - | M20: 15.04.2015 | N20: 29.01.2016 | O20: ? | Q20: - | T20: 05.04.2015 | U20: 05.04.2015 | W20: 29.01.2016
A21: 7 O 115/16 | B21: Mannheim | C21: Yes! | D21: Yes | E21: Yes | F21: Yes | G21: https://www.katheraugenstein.com:443/app/uploads/DE-LG-Mannheim-7-O-115-16.pdf | H21: https://www.katheraugenstein.com:443/app/uploads/EN-Regional-Court-Mannheim-7-O-115-16.pdf | I21: Yes | J21: No | K21: - | L21: - | M21: 04.10.2016 | N21: 04.09.2019 | Q21: - | T21: 02.07.2016 | U21: 02.07.2016 | W21: 04.09.2019
A22: 7 O 165/16 | B22: Mannheim | C22: Yes! | D22: Yes | E22: No | F22: Yes | G22: https://www.katheraugenstein.com:443/app/uploads/2018-07-13-7-O-165_16-DE-pdf-2.pdf | H22: https://www.katheraugenstein.com:443/app/uploads/2018-09-28-7-O-165_16-EN-pdf-1-2.pdf | I22: Yes | J22: No | K22: - | L22: - | M22: 30.01.2017 | N22: 13.07.2018 | Q22: - | T22: 23.09.2016 | U22: 23.09.2016 | W22: 13.07.2018
A23: 7 O 19/16 | B23: Mannheim | C23: Yes | D23: Yes | E23: No | F23: Yes | G23: https://www.katheraugenstein.com:443/app/uploads/2016-11-17-7-O-19_16-DE-pdf-3.pdf | H23: https://www.katheraugenstein.com:443/app/uploads/2016-11-17-7-O-19_16-EN-pdf-3.pdf | I23: Yes | J23: Yes | K23: http://lrbw.juris.de/cgi-bin/laender_rechtsprechung/document.py?Gericht=bw&GerichtAuswahl=Landgerichte&Art=en&sid=6e6a9d26ac6aee935c628e75dd026e34&nr=21539&anz=1&pos=0&Blank=1 | L23: - | M23: 16.10.2015 | N23: 17.11.2016 | Q23: - | T23: 19.01.2016 | U23: 19.01.2016 | W23: 17.11.2016
A24: 7 O 209/15 | B24: Mannheim | C24: Yes | D24: Yes | E24: No | F24: Yes | G24: http://lrbw.juris.de/cgi-bin/laender_rechtsprechung/document.py?Gericht=bw&nr=21580 | H24: - | I24: Yes | J24: Yes (no search) | K24: http://lrbw.juris.de/cgi-bin/laender_rechtsprechung/document.py?Gericht=bw&Datum=2023&nr=21580&Blank=1 | L24: - | M24: 16.10.2015 | N24: 17.11.2016 | Q24: - | T24: 31.10.2015 | U24: 31.10.2015 | W24: 17.11.2016
A25: 7 O 18/17 | B25: Mannheim | C25: Yes! | D25: Yes | E25: No | F25: Yes | G25: https://www.katheraugenstein.com:443/app/uploads/2018-03-02-7-O-18-17-DE-KBR-Richtig.pdf | H25: https://www.katheraugenstein.com:443/app/uploads/2018-03-02-7-O-18_17-EN-pdf.pdf | I25: Yes | J25: No | K25: - | L25: - | M25: 29.11.2016 | N25: 02.03.2018 | Q25: - | T25: 29.01.2017 | U25: 29.01.2017 | W25: 02.03.2018
A26: 2 O 136/18 | B26: Mannheim | C26: Yes!* | D26: Yes | E26: No | F26: Yes | G26: https://www.katheraugenstein.com:443/app/uploads/2020-08-21-LG-Mannheim-2-O-136_18-DE.pdf | H26: https://www.katheraugenstein.com:443/app/uploads/2020-08-21-LG-Mannheim-2-O-136_18-EN.pdf | I26: Yes | J26: No | K26: - | L26: - | M26: 01.03.2018 | N26: 21.08.2020 | Q26: - | T26: 17.10.2018 | U26: 17.10.2018 | W26: 21.08.2020
A27: 2 O 131/19 | B27: Mannheim | C27: Yes* | D27: Yes? | E27: No? | F27: Yes | G27: https://www.katheraugenstein.com:443/app/uploads/2021-03-02-LG-Mannheim-2-O-131-19-DE.pdf | H27: https://www.katheraugenstein.com:443/app/uploads/2021-03-02-LG-Mannheim-2-O-131-19-EN.pdf | I27: Yes | J27: No | K27: - | L27: - | M27: 15.11.2019 | N27: 02.03.2021 | Q27: - | W27: 02.03.2021
A28: 2 O 34/19 | B28: Mannheim | C28: Yes! | D28: Yes | E28: Yes | F28: Yes | G28: https://www.katheraugenstein.com:443/app/uploads/2020-08-18-LG-Mannheim-2-O-34_19-DE.pdf | H28: https://www.katheraugenstein.com:443/app/uploads/2020-08-18-LG-Mannheim-2-O-34_19-EN.pdf | I28: Yes | J28: No | K28: - | L28: - | M28: 01.04.2019 | N28: 18.08.2020 | Q28: - | T28: 21.03.2019 | U28: 21.03.2019 | W28: 18.08.2020
A29: 7 O 36/21 | B29: Munich | C29: Yes | D29: Yes? | E29: ?? | F29: Yes | G29: https://www.katheraugenstein.com:443/app/uploads/2021-06-24-LG-Muenchen-7-O-36-21-DE.pdf | H29: https://www.katheraugenstein.com:443/app/uploads/2021-06-24-RC-Munich-7-O-36-21-EN.pdf | I29: Yes | J29: Yes | K29: https://www.gesetze-bayern.de/Content/Document/Y-300-Z-GRURRS-B-2021-N-17662?hl=true | L29: - | N29: 24.06.2021 | P29: 1 | Q29: - | W29: 24.06.2021
A30: 7 O 14276/20 | B30: Munich | C30: Yes | D30: Yes? | E30: ?? | F30: Yes | G30: https://www.katheraugenstein.com:443/app/uploads/2021-01-28-LG-Muenchen-I-7-O-14276-20-DE.pdf | H30: https://www.katheraugenstein.com:443/app/uploads/2021-01-28-LG-Muenchen-I-7-O-14276-20-EN.pdf | I30: Yes | J30: Yes | K30: https://www.gesetze-bayern.de/Content/Document/Y-300-Z-GRURRS-B-2021-N-3995?hl=true | L30: - | N30: 28.01.2021 | P30: 1 | Q30: - | T30: 30.10.2020 | U30: 30.10.2020
A31: 7 O 8818/19 | B31: Munich | C31: Yes | D31: Yes | E31: Yes | F31: Yes | G31: https://www.katheraugenstein.com:443/app/uploads/2020-09-10-LG-Muenchen-7-O-8818_19-DE.pdf | H31: https://www.katheraugenstein.com:443/app/uploads/2020-09-10-LG-Muenchen-7-O-8818_19-EN.pdf | I31: Yes | J31: Yes | K31: https://www.gesetze-bayern.de/Content/Document/Y-300-Z-GRURRS-B-2020-N-22577?hl=true | L31: - | M31: 15.11.2019 | N31: 10.09.2020 | Q31: - | T31: 28.06.2019 | U31: 28.06.2019 | W31: 10.09.2020
A32: 7 O 15350/19 | B32: Munich | C32: Yes | D32: Yes | E32: Yes | F32: No | G32: - | H32: - | J32: Yes | K32: https://www.gesetze-bayern.de/Content/Document/Y-300-Z-GRURRS-B-2021-N-23157 | L32: - | M32: 19.02.2021 | N32: 19.08.2021 | Q32: - | T32: 10.10.2019 | U32: 10.10.2019 | W32: 19.08.2021

Sheet Sheet2
A1: Aktenzeichen | B1: Landgericht | C1: Verfügbar | D1: Die Beklagte wird verurteilt zu unterlassen | E1: Entscheidung (Untrelassung) | F1: Kather Augenstein | G1: Link DE | H1: Link EN | I1: Darts-IP | J1: eJustiz | K1: Link | L1: Zugehörigen Aktenzeichen | M1: Klage auf Unterlassung | N1: Urteil | O1: Prehuawei | P1: AASI | Q1: Streitwert | S1: First contact | T1: Date of complaint | U1: First notice of infringement (first complaint) | V1: First licensing offer | W1: Date of decision | X1: Dominant position | Y1: Abuse of dominant position | Z1: Notice of Infringement | AA1: Willingness to license | AB1: FRAND offer | AC1: Pool | AD1: Worldwide
A2: 4c O 24/19 | B2: Duesseldorf | C2: Yes* | D2: Yes? | E2: Yes? | F2: Yes | G2: https://www.katheraugenstein.com/app/uploads/2019-04-24-4c-O-24_19-DE.pdf | H2: https://www.katheraugenstein.com/app/uploads/2019-04-24-4c-O-24_19-EN.pdf | I2: Yes | J2: No | K2: - | L2: - | M2: ? | N2: 24.04.2019 | Q2: 1000000
A3: 2 O 75/21 | B3: Mannheim | C3: Yes* | D3: Yes | E3: Yes | F3: Yes | G3: https://www.katheraugenstein.com/app/uploads/2022-07-05-LG-Mannheim-2-O-75_21-LTE-Mobilfunkstandard.pdf | H3: https://www.katheraugenstein.com/app/uploads/2022-07-05-Regional-Court-Mannheim-2-O-75_21-LTE-Mobilfunkstandard-EN.pdf | I3: Yes | J3: No | K3: - | L3: - | M3: 08.07.2021 | N3: 05.07.2022 | Q3: - | T3: 08.07.2021 | U3: 08.07.2021
A4: 7 O 91/22 | B4: Mannheim | C4: Yes* | D4: ?? | E4: ?? | F4: Yes | G4: https://www.katheraugenstein.com/app/uploads/2023-08-01-Landgericht-Mannheim-Beschluss-vom-14.04.2023-Az.-7-O-91_22.pdf | H4: https://www.katheraugenstein.com/app/uploads/2023-08-01-Regional-Court-Mannheim_-Decision-14.04.2023_-Az.-7-O-91_22.pdf | I4: Yes | J4: No | K4: - | L4: - | M4: ? | N4: 14.04.2023 | Q4: -
A5: 7 O 28/16 | B5: Mannheim | C5: Yes! | D5: Yes | E5: No? | F5: Yes | G5: https://www.katheraugenstein.com/app/uploads/2017-11-10-7-O-28_16-DE-pdf-1.pdf | H5: https://www.katheraugenstein.com/app/uploads/2017-11-10-7-O-28_16-EN-pdf-1.pdf | I5: Yes | J5: No | K5: - | L5: - | M5: 03.02.2016 | N5: 10.11.2017 | Q5: - | T5: 03.02.2016 | U5: 03.02.2016
A6: 2 O 106/14 | B6: Mannheim | C6: Yes | D6: Yes | E6: Yes | F6: Yes | G6: https://www.katheraugenstein.com/app/uploads/2015-11-27-2-O-106_-14-DE-pdf.pdf | H6: https://www.katheraugenstein.com/app/uploads/2015-11-27-2-O-106_14-EN-pdf-1.pdf | I6: Yes | J6: Yes | K6: http://lrbw.juris.de/cgi-bin/laender_rechtsprechung/document.py?Gericht=bw&GerichtAuswahl=Landgerichte&Art=en&sid=f3caef45b2432c5f65740b9bb5cc38da&nr=20078&anz=1&pos=0&Blank=1 | L6: - | M6: 15.06.2014 | N6: 27.11.2015 | O6: 1 | Q6: - | T6: 15.06.2014 | U6: 15.06.2014
A7: 21 O 11522/21 | B7: Munich | C7: Yes | D7: Yes | E7: Yes | F7: Yes | G7: https://www.katheraugenstein.com/app/uploads/LG-Muenchen-I-05.08.2022-21-O-11522_21-Pitch-Lag-Schaetzung.pdf | H7: https://www.katheraugenstein.com/app/uploads/LG-Muenchen-I-05.08.2022-21-O-11522_21-Pitch-Lag-Schaetzung-EN.pdf | I7: Yes | J7: Yes | K7: https://www.gesetze-bayern.de/Content/Document/Y-300-Z-GRURRS-B-2022-N-26267?hl=true | L7: 21 O 8879/21; 21 O 8890/21 | M7: 23.03.2022 | N7: 05.08.2022 | Q7: -
A8: 7 O 14912/19 | B8: Munich | C8: Yes | D8: No? | E8: No | F8: Yes | G8: https://www.katheraugenstein.com/app/uploads/2022-05-25-LG-Muenchen-I-7-O-14091_19-Sprachsignalcodierer-II.pdf | H8: https://www.katheraugenstein.com/app/uploads/2022-05-25-Regional-Court-Munich-I-7-O-14091_19-Sprachsignalcodierer-II-EN.pdf | I8: Yes | J8: Yes | K8: https://www.gesetze-bayern.de/Content/Document/Y-300-Z-GRURRS-B-2022-N-13480?hl=true | L8: - | M8: 16.09.2019 | N8: 25.05.2022 | Q8: -
A9: 21 O 1910/22 | B9: Munich | C9: Yes | D9: Yes | E9: Yes | F9: Yes | G9: https://www.katheraugenstein.com/app/uploads/2023-04-19-LG-Muenchen-I-21-O-1910_22-Rahmenloeschung.pdf | H9: https://www.katheraugenstein.com/app/uploads/2023-04-19-Regional-Court-Munich-I-21-O-1910_22-Rahmenloeschung_en.pdf | I9: Yes | J9: Yes | K9: https://www.gesetze-bayern.de/Content/Document/Y-300-Z-GRURRS-B-2023-N-18036?hl=true | L9: - | M9: 18.01.2023 | N9: 19.04.2023 | Q9: -
A10: 21 O 4140/21 | B10: Munich | C10: Yes | D10: Yes | E10: Yes | F10: Yes | G10: https://www.katheraugenstein.com/app/uploads/2023-02-17-LG-Muenchen-21-O-4140_21.pdf | H10: https://www.katheraugenstein.com/app/uploads/2023-02-17-Regional-Court-Munich-21-O-4140_21.pdf | I10: Yes | J10: Yes | K10: https://www.gesetze-bayern.de/Content/Document/Y-300-Z-GRURRS-B-2023-N-11247?hl=true | L10: - | M10: 21.09.2022/ | N10: 17.02.2023 | Q10: -
A11: 21 O 9333/19 | B11: Munich | C11: Yes | D11: Yes? | E11: ?? | F11: Yes | G11: https://www.katheraugenstein.com/app/uploads/DE-21-O-9333-19.pdf | H11: https://www.katheraugenstein.com/app/uploads/EN-21-O-9333-19.pdf | I11: Yes | J11: Yes | K11: https://www.gesetze-bayern.de/Content/Document/Y-300-Z-BECKRS-B-2019-N-25536?hl=true | L11: - | M11: ? | N11: 11.07.2019 | P11: 1 | Q11: -
A12: 7 O 8818/19 | B12: Munich | C12: Yes | D12: Yes | E12: Yes | F12: Yes | G12: https://www.katheraugenstein.com/app/uploads/2020-09-10-LG-Muenchen-7-O-8818_19-DE.pdf | H12: https://www.katheraugenstein.com/app/uploads/2020-09-10-LG-Muenchen-7-O-8818_19-EN.pdf | I12: Yes | J12: Yes | K12: https://www.gesetze-bayern.de/Content/Document/Y-300-Z-GRURRS-B-2020-N-22577?hl=true | L12: - | M12: 28.06.2019 | N12: 10.09.2020 | Q12: - | T12: 28.06.2019 | U12: 28.06.2019
M13: all of these should be checked

Sheet Sheet3
A1: Aktenzeichen | B1: Landgericht | C1: Verfügbar | D1: Die Beklagte wird verurteilt zu unterlassen | E1: Entscheidung (Untrelassung) | F1: Kather Augenstein | G1: Link DE | H1: Link EN | I1: Darts-IP | J1: eJustiz | K1: Link | L1: Zugehörigen Aktenzeichen | M1: Klage auf Unterlassung | N1: Urteil | O1: Prehuawei | P1: AASI | Q1: Streitwert | S1: First contact | T1: Date of complaint | U1: First notice of infringement (first complaint) | V1: First licensing offer | W1: Date of decision | X1: Dominant position | Y1: Abuse of dominant position | Z1: Notice of Infringement | AA1: Willingness to license | AB1: FRAND offer | AC1: Pool | AD1: Worldwide
A2: 4b O 52/14 | B2: Duesseldorf | C2: Yes | D2: No? | E2: No | F2: Yes | G2: https://www.justiz.nrw.de/nrwe/lgs/duesseldorf/lg_duesseldorf/j2016/4b_O_52_14_Schlussurteil_20160119.html | H2: - | I2: Yes | J2: Yes | K2: https://www.justiz.nrw.de/nrwe/lgs/duesseldorf/lg_duesseldorf/j2016/4b_O_52_14_Schlussurteil_20160119.html | L2: - | M2: 14.05.2014 | N2: 19.01.2016 | O2: 1 | Q2: 2000000/1600000 | T2: 14.05.2014 | U2: 14.05.2014
A3: 4a O 27/16 | B3: Duesseldorf | C3: Yes | D3: Yes | E3: No | F3: Yes | G3: https://www.justiz.nrw.de/nrwe/lgs/duesseldorf/lg_duesseldorf/j2017/4a_O_27_16_Urteil_20170713.html | H3: - | I3: Yes | J3: Yes | K3: https://www.justiz.nrw.de/nrwe/lgs/duesseldorf/lg_duesseldorf/j2017/4a_O_27_16_Urteil_20170713.html | L3: - | M3: 18.03.2016 | N3: 13.07.2017 | Q3: 1000000/250000 | T3: 18.03.2016 | U3: 18.03.2016
A4: 4a O 154/15 | B4: Duesseldorf | C4: Yes | D4: Yes | E4: No | F4: Yes | G4: https://www.justiz.nrw.de/nrwe/lgs/duesseldorf/lg_duesseldorf/j2017/4a_O_154_15_Urteil_20170713.html | H4: - | I4: Yes | J4: Yes | K4: https://www.justiz.nrw.de/nrwe/lgs/duesseldorf/lg_duesseldorf/j2017/4a_O_154_15_Urteil_20170713.html | L4: - | M4: 11.06.2015 | N4: 13.07.2017 | O4: ? | Q4: 1000000/250000 | T4: 06.11.2015 | U4: 06.11.2015
A5: 14d O 13/17 | B5: Duesseldorf | C5: Yes | D5: Yes | E5: Yes? | F5: Yes | G5: https://www.justiz.nrw.de/nrwe/lgs/duesseldorf/lg_duesseldorf/j2017/14d_O_13_17_Urteil_20171109.html | H5: - | I5: Yes | J5: Yes | K5: https://www.justiz.nrw.de/nrwe/lgs/duesseldorf/lg_duesseldorf/j2017/14d_O_13_17_Urteil_20171109.html | L5: - | M5: ? | N5: 09.11.2017 | Q5: ?
A6: 7 O 38/14 | B6: Mannheim | C6: Yes! | D6: Yes? | E6: No? | F6: No | G6: - | H6: - | I6: Yes | J6: No | K6: - | L6: - | M6: 21.03.2014 | N6: 26.02.2016 | O6: 1 | Q6: - | T6: 21.03.2014 | U6: 21.03.2014
A7: 7 O 24/14 | B7: Mannheim | C7: Yes! | D7: Yes | E7: Yes | F7: No | G7: - | H7: - | I7: Yes | J7: No | K7: - | L7: - | M7: 26.02.2014 | N7: 21.11.2014/04.03.2016 | O7: 1 | Q7: - | T7: 26.02.2014 | U7: 26.02.2014
A8: 7 O 26/14 | B8: Mannheim | C8: Yes! | D8: Yes | E8: Yes | F8: No | G8: - | H8: - | I8: Yes | J8: No | K8: - | L8: - | M8: 01.03.2014 | N8: 21.11.2014/11.03.2016 | O8: 1 | Q8: - | T8: 01.03.2014 | U8: 01.03.2014
A9: 7 O 298/15 | B9: Mannheim | C9: No | D9: - | E9: - | F9: No | G9: - | H9: - | I9: No | J9: No | K9: - | L9: - | M9: ? | N9: - | Q9: -
A10: 2 O 130/15 | B10: Mannheim | C10: No | D10: - | E10: - | F10: No | G10: - | H10: - | I10: No | J10: No | K10: - | L10: - | M10: ? | N10: - | Q10: -
A11: 2 O 229/15 | B11: Mannheim | C11: Yes! | D11: Yes | E11: Yes | F11: No | G11: - | H11: - | I11: Yes | J11: No | K11: - | L11: - | M11: 09.11.2015 | N11: 25.10.2016 | Q11: - | T11: 09.11.2015 | U11: 09.11.2015
A12: 7 O 43/16 | B12: Mannheim | C12: Yes! | D12: Yes | E12: Yes | F12: No | G12: - | H12: - | I12: Yes | J12: No | K12: - | L12: - | M12: 28.02.2016 | N12: 25.11.2016 | Q12: - | T12: 28.02.2016 | U12: 28.02.2016
A13: 7 O 44/16 | B13: Mannheim | C13: Yes! | D13: Yes | E13: Yes | F13: No | G13: - | H13: - | I13: Yes | J13: No | K13: - | L13: - | M13: 01.03.2016 | N13: 25.11.2016 | Q13: - | T13: 01.03.2016 | U13: 01.03.2016
A14: 7 O 213/15 | B14: Mannheim | C14: No | D14: - | E14: - | F14: No | G14: - | H14: - | I14: No | J14: No | K14: - | L14: - | M14: ? | N14: - | Q14: -
A15: 7 O 212/15 | B15: Mannheim | C15: Yes! | D15: Yes | E15: Yes | F15: No | G15: - | H15: - | I15: Yes | J15: No | K15: - | L15: - | M15: 05.11.2015 | N15: 27.01.2017 | Q15: - | T15: 05.11.2015 | U15: 05.11.2015
A16: 7 O 31/16 | B16: Mannheim | C16: Yes! | D16: Yes | E16: No? | F16: No | G16: - | H16: - | I16: Yes | J16: No | K16: - | L16: - | M16: 08.02.2016 | N16: 24.02.2017 | Q16: - | T16: 08.02.2016 | U16: 08.02.2016
A17: 7 O 98/16 | B17: Mannheim | C17: Yes! | D17: Yes | E17: Yes | F17: No | G17: - | H17: - | I17: Yes | J17: No | K17: - | L17: - | M17: 23.05.2016 | N17: 17.03.2017 | Q17: - | T17: 23.05.2016 | U17: 23.05.2016
A18: 2 O 98/16 | B18: Mannheim | C18: Yes! | D18: Yes | E18: No? | F18: No | G18: - | H18: - | I18: Yes | J18: No | K18: - | L18: - | M18: 09.06.2016 | N18: 23.05.2017 | Q18: -
M19: all of these should be checked

Sheet Sheet4
A1: Aktenzeichen | B1: Landgericht | C1: Verfügbar | D1: Die Beklagte wird verurteilt zu unterlassen | E1: Entscheidung (Untrelassung) | F1: Kather Augenstein | G1: Link DE | H1: Link EN | I1: Darts-IP | J1: eJustiz | K1: Link | L1: Zugehörigen Aktenzeichen | M1: Klage auf Unterlassung | N1: Urteil | O1: Prehuawei | P1: AASI | Q1: Streitwert | S1: First contact | T1: First contact by pool | U1: Date of complaint | V1: First notice of infringement (first contact?) | W1: First licensing offer | X1: Date of decision | Y1: Dominant position | Z1: Abuse of dominant position | AA1: Notice of Infringement | AB1: Willingness to license | AC1: FRAND offer | AD1: Formal | AE1: Substantially | AF1: Pool | AG1: Worldwide | AH1: Further proceedings | AI1: OLG Appeal | AJ1: Result of the appeal | AK1: OLG First instance | AL1: Result of the f.instance | AM1: Bundesgerichtshof | AN1: Result of the Judicial Review | AO1: Patent Validity Proceedings | AP1: Result of the Patent Validity | AQ1: Aktenzeichen Bundespatetgerichts | AR1: Entscheidungsdatum | AS1: Beschwerdesdatum | AT1: Link | AU1: Patents | AV1: Espacenet
A2: 4a O 144/14 | B2: Duesseldorf | C2: Yes | D2: Yes | E2: Yes | F2: No | G2: - | H2: - | I2: Yes | J2: Yes | K2: http://www.justiz.nrw.de/nrwe/lgs/duesseldorf/lg_duesseldorf/j2015/4a_O_144_14_Urteil_20151103.html | L2: I-15 U 41/17 | M2: 08.09.2014 | N2: 03.11.2015 | O2: 1 | Q2: 500000 | S2: 20.12.2012 | U2: 18.12.2014 | V2: 18.12.2014 | W2: 20.12.2012 | X2: 03.11.2015 | Y2: Yes | Z2: No | AA2: Yes | AB2: No | AC2: - | AD2: - | AE2: - | AF2: Yes | AG2: Yes | AH2: Yes | AI2: Yes | AJ2: Reversed in part | AK2: Yes | AL2: LG mirrored | AM2: Yes | AN2: Reversed in part | AO2: Yes | AP2: Invalid for Germany | AQ2: 6 Ni 15/15 (EP) | AR2: 14.02.2018 | AS2: 31.07.2015 | AT2: http://juris.bundespatentgericht.de/cgi-bin/rechtsprechung/document.py?Gericht=bpatg&Art=en&sid=1d78632798b85c831df59d6be5dfa5b4&nr=29853&pos=0&anz=1&Blank=1.pdf | AU2: EP01913904(A), EP1264504 | AV2: DE60130436T2, DE60130436T3
A3: 4a O 126/14 | B3: Duesseldorf | C3: Yes | D3: Yes | E3: Yes | F3: No | G3: - | H3: - | I3: Yes | J3: Yes | K3: http://www.justiz.nrw.de/nrwe/lgs/duesseldorf/lg_duesseldorf/j2016/4a_O_126_14_Teil_Verzichts_und_Schlussurteil_20160331.html | L3: 4a O 73/14; I-15 U 35/16 | M3: 23.07.2014 | N3: 31.03.2016 | O3: 1 | Q3: 2000000 | S3: 31.07.2014 | U3: 12.11.2014 | V3: 12.11.2014 | W3: 22.04.2015 | X3: 31.03.2016 | Y3: Yes | Z3: No | AA3: Yes | AB3: No | AC3: Yes | AD3: Yes | AE3: Yes | AF3: Yes | AG3: Yes | AH3: Yes | AI3: Yes | AJ3: Upheld | AK3: No | AL3: - | AM3: No | AN3: - | AO3: Yes | AP3: - | AQ3: 4 Ni 6/15 (EP), 6 Ni 7/16 (EP), 6 Ni 63/16 (EP), 4 Ni 33/14 (EP) | AR3: - | AS3: 06.11.2014 | AT3: - | AU3: EP99952183(A), EP1125284 | AV3: DE69910058T2, DE69910239T2, DE69910240T2, DE69913724T2
A4: 4a O 73/14 | B4: Duesseldorf | C4: Yes | D4: Yes | E4: Yes | F4: Yes | G4: https://www.katheraugenstein.com/app/uploads/2016-03-31-4a-O-73_14-DE-pdf-2.pdf | H4: https://www.katheraugenstein.com/app/uploads/2016-03-31-4a-O-73_14-EN-pdf-1.pdf | I4: Yes | J4: Yes | K4: http://www.justiz.nrw.de/nrwe/lgs/duesseldorf/lg_duesseldorf/j2016/4a_O_73_14_Teil_Verzichts_und_Schlussurteil_20160331.html | L4: - | M4: 23.07.2014 | N4: 31.03.2016 | O4: 1 | Q4: 2000000 | S4: 31.07.2014 | U4: 23.07.2014 | V4: 23.07.2014 | W4: 22.04.2015 | X4: 31.03.2016 | Y4: Yes | Z4: No | AA4: Yes | AB4: No | AC4: Yes | AD4: Yes | AE4: Yes | AF4: Yes | AG4: Yes | AH4: Yes | AI4: Yes | AJ4: Upheld | AK4: No | AL4: - | AM4: No | AN4: - | AO4: Yes | AP4: Invalid for Germany | AQ4: 6 Ni 6/16 (EP) | AR4: 11.01.2017 | AS4: 04.07.2016 | AT4: http://juris.bundespatentgericht.de/cgi-bin/rechtsprechung/document.py?Gericht=bpatg&Art=en&sid=14e273bb9e03002bf8855902c01530ec&nr=29046&pos=0&anz=1&Blank=1.pdf | AU4: EP99952199(A), EP1125276 | AV4: DE69910058T2, DE69910239T2, DE69910240T2, DE69913724T2
A5: 4a O 16/16 | B5: Duesseldorf | C5: Yes | D5: Yes | E5: No | F5: Yes | G5: https://www.katheraugenstein.com/app/uploads/2017-07-13-4a-O-16_16-DE-pdf-2.pdf | H5: https://www.katheraugenstein.com/app/uploads/2017-07-13-4a-O-16_16-EN-pdf-1.pdf | I5: Yes | J5: Yes | K5: http://www.justiz.nrw.de/nrwe/lgs/duesseldorf/lg_duesseldorf/j2017/4a_O_16_16_Urteil_20170713.html | L5: - | M5: 15.11.2016 | N5: 13.07.2017 | Q5: 1000000 | S5: 04.12.2012 | U5: 18.02.2016 | V5: 04.12.2012 | W5: 04.12.2012 | X5: 13.07.2017 | Y5: Yes | Z5: Yes | AA5: Yes | AB5: Yes | AC5: No | AD5: No | AE5: - | AF5: ? | AG5: Yes | AH5: No | AI5: No | AJ5: - | AK5: No | AL5: - | AM5: No | AN5: - | AO5: Yes | AP5: Invalid for Germany | AQ5: 6 Ni 15/15 (EP) | AR5: 14.02.2018 | AS5: 31.07.2015 | AT5: http://juris.bundespatentgericht.de/cgi-bin/rechtsprechung/document.py?Gericht=bpatg&Art=en&sid=1d78632798b85c831df59d6be5dfa5b4&nr=29853&pos=0&anz=1&Blank=1.pdf | AU5: EP01913904(A), EP1264504 | AV5: DE60130436T2, DE60130436T3
A6: 4a O 35/16 | B6: Duesseldorf | C6: Yes | D6: Yes | E6: No | F6: No | G6: - | H6: - | I6: Yes | J6: Yes | K6: http://www.justiz.nrw.de/nrwe/lgs/duesseldorf/lg_duesseldorf/j2017/4a_O_35_16_Urteil_20170713.html | L6: - | M6: 15.11.2016 | N6: 13.07.2017 | Q6: 1000000 | S6: 04.12.2012 | U6: 09.04.2016 | V6: 09.04.2016 | W6: 04.12.2012 | X6: 13.07.2017 | Y6: Yes | Z6: Yes | AA6: Yes | AB6: Yes | AC6: No | AD6: No | AE6: - | AF6: ? | AG6: Yes | AH6: No | AI6: No | AJ6: - | AK6: No | AL6: - | AM6: No | AN6: - | AO6: Yes | AP6: Invalid for Germany | AQ6: 6 Ni 15/15 (EP) | AR6: 14.02.2018 | AS6: 31.07.2015 | AT6: http://juris.bundespatentgericht.de/cgi-bin/rechtsprechung/document.py?Gericht=bpatg&Art=en&sid=1d78632798b85c831df59d6be5dfa5b4&nr=29853&pos=0&anz=1&Blank=1.pdf | AU6: EP01913904(A), EP1264504 | AV6: DE60130436T2, DE60130436T4
A7: 4c O 72/17 | B7: Duesseldorf | C7: Yes | D7: Yes | E7: No | F7: No | G7: - | H7: - | I7: Yes | J7: Yes | K7: http://www.justiz.nrw.de/nrwe/lgs/duesseldorf/lg_duesseldorf/j2018/4c_O_72_17_Urteil_20180711.html | L7: - | M7: 15.09.2017 | N7: 11.07.2018 | Q7: 4000000 | S7: 25.03.2016 | U7: 25.08.2017 | V7: 25.08.2017 | W7: 25.03.2016 | X7: 11.07.2018 | Y7: Yes | Z7: Yes | AA7: Yes | AB7: Yes | AC7: No | AD7: Yes? | AE7: No | AF7: ? | AG7: ? | AH7: No | AI7: No | AJ7: - | AK7: No | AL7: - | AM7: No | AN7: - | AO7: Yes | AP7: Partially invalid for Germany | AQ7: 5 Ni 50/16 (EP) | AR7: 12.02.2020 | AS7: 26.07.2016 | AT7: http://juris.bundespatentgericht.de/cgi-bin/rechtsprechung/document.py?Gericht=bpatg&Art=en&sid=cceed9fc9f9ffc523f1ae12263bfc901&nr=39046&pos=0&anz=1&Blank=1.pdf | AU7: EP06007976(A), EP1694020(B1) | AV7: DE1161820T1, DE60027414T2
A8: 4c O 77/17 | B8: Duesseldorf | C8: Yes | D8: Yes | E8: No | F8: No | G8: - | H8: - | I8: Yes | J8: Yes | K8: http://www.justiz.nrw.de/nrwe/lgs/duesseldorf/lg_duesseldorf/j2018/4c_O_77_17_Urteil_20180711.html | L8: - | M8: 31.01.2017 | N8: 11.07.2018 | Q8: 4000000 | S8: 25.03.2016 | U8: 11.09.2017 | V8: 11.09.2017 | W8: 25.03.2016 | X8: 11.07.2018 | Y8: Yes | Z8: Yes | AA8: Yes | AB8: Yes | AC8: No | AD8: Yes? | AE8: No | AF8: ? | AG8: ? | AH8: No | AI8: No | AJ8: - | AK8: No | AL8: - | AM8: No | AN8: - | AO8: Yes | AP8: Partially invalid for Germany | AQ8: 5 Ni 50/16 (EP) | AR8: 12.02.2020 | AS8: 26.07.2016 | AT8: http://juris.bundespatentgericht.de/cgi-bin/rechtsprechung/document.py?Gericht=bpatg&Art=en&sid=cceed9fc9f9ffc523f1ae12263bfc901&nr=39046&pos=0&anz=1&Blank=1.pdf | AU8: EP06007976(A), EP1694020 | AV8: DE1161820T1, DE60027414T3
A9: 4a O 15/17 | B9: Duesseldorf | C9: Yes | D9: Yes | E9: Yes | F9: Yes | G9: https://www.katheraugenstein.com/app/uploads/2018-11-09-4a-O-15_17-DE-pdf.pdf | H9: https://www.katheraugenstein.com/app/uploads/2018-11-09-4a-O-15_17-EN-pdf.pdf | I9: Yes | J9: Yes | K9: http://www.justiz.nrw.de/nrwe/lgs/duesseldorf/lg_duesseldorf/j2018/4a_O_15_17_Urteil_20181109.html | L9: - | M9: 15.03.2017 | N9: 09.11.2018 | Q9: 2500000 | S9: 08.09.2011 | U9: 05.02.2017 | V9: 05.02.2017 | W9: 08.09.2011 | X9: 09.11.2018 | Y9: Yes | Z9: No | AA9: Yes | AB9: Yes | AC9: Yes | AD9: Yes | AE9: Yes | AF9: Yes | AG9: Yes | AH9: No | AI9: No | AJ9: - | AK9: No | AL9: - | AM9: No | AN9: - | AO9: No | AP9: - | AQ9: - | AR9: - | AS9: - | AT9: - | AU9: EP04020471(A), EP1487113(B1) | AV9: -
A10: 4c O 3/17 | B10: Duesseldorf | C10: Yes | D10: Yes | E10: Yes | F10: No | G10: - | H10: - | I10: Yes | J10: Yes | K10: http://www.justiz.nrw.de/nrwe/lgs/duesseldorf/lg_duesseldorf/j2018/4c_O_3_17_Urteil_20181221.html | L10: - | M10: 01.04.2017 | N10: 21.12.2018 | Q10: 5000000/30000000 | S10: 03.11.2008 | T10: 03.11.2008 | U10: 11.01.2017 | V10: 06.09.2011 | W10: 06.09.2011 | X10: 21.12.2018 | Y10: Yes | Z10: No | AA10: Yes | AB10: Yes | AC10: Yes | AD10: Yes | AE10: Yes | AF10: Yes | AG10: Yes | AH10: No | AI10: No | AJ10: - | AK10: No | AL10: - | AM10: No | AN10: - | AO10: Yes | AP10: - | AQ10: 2 Ni 36/17 (EP), 2 Ni 19/21 (EP) | AR10: - | AS10: 03.07.2017, 22.04.2021 | AT10: - | AU10: EP03811870(A), EP1569460(B1) | AV10: -
A11: 4a O 17/17 | B11: Duesseldorf | C11: Yes | D11: Yes | E11: Yes | F11: Yes | G11: https://www.katheraugenstein.com/app/uploads/2018-11-09-4a-O-17_17-DE-pdf.pdf | H11: https://www.katheraugenstein.com/app/uploads/2018-11-09-4a-O-17_17-EN-pdf.pdf | I11: Yes | J11: Yes | K11: http://www.justiz.nrw.de/nrwe/lgs/duesseldorf/lg_duesseldorf/j2018/4a_O_17_17_Urteil_20181109.html | L11: - | M11: 01.06.2017 | N11: 09.11.2018 | Q11: 5000000 | S11: 06.09.2011 | U11: 10.02.2017 | V11: 10.02.2017 | W11: 06.09.2011 | X11: 09.11.2018 | Y11: Yes | Z11: No | AA11: Yes | AB11: Yes | AC11: Yes | AD11: Yes | AE11: Yes | AF11: Yes | AG11: Yes | AH11: Yes | AI11: Yes | AJ11: Withdrawn | AK11: No | AL11: - | AM11: No | AN11: - | AO11: Yes | AP11: - | AQ11: 2 Ni 66/17 (EP), 7 Ni 21/19 (EP) | AR11: - | AS11: 19.10.2017 | AT11: - | AU11: EP07100277(A), EP1773067(B1) | AV11: DE60320243T2
A12: 4c O 81/17 | B12: Duesseldorf | C12: Yes | D12: Yes | E12: No | F12: Yes | G12: https://www.katheraugenstein.com:443/app/uploads/2018-07-11-4c-O-81_17-DE-pdf-2.pdf | H12: https://www.katheraugenstein.com:443/app/uploads/2018-07-11-4c-O-81_17-EN-pdf-2.pdf | I12: Yes | J12: Yes | K12: http://www.justiz.nrw.de/nrwe/lgs/duesseldorf/lg_duesseldorf/j2018/4c_O_81_17_Urteil_20180711.html | L12: - | M12: 15.06.2016 | N12: 11.07.2018 | Q12: 4000000 | S12: 06.10.2015 | U12: 24.09.2017 | V12: 24.09.2017 | W12: 27.01.2016 | X12: 11.07.2018 | Y12: Yes | Z12: Yes | AA12: Yes | AB12: Yes | AC12: No | AD12: Yes? | AE12: No | AF12: ? | AG12: ? | AH12: Yes | AI12: Yes* | AJ12: Reversed and remand | AK12: No | AL12: - | AM12: No | AN12: - | AO12: Yes | AP12: Partially invalid for Germany | AQ12: 5 Ni 50/16 (EP) | AR12: 12.02.2020 | AS12: 26.07.2016 | AT12: http://juris.bundespatentgericht.de/cgi-bin/rechtsprechung/document.py?Gericht=bpatg&Art=en&sid=cceed9fc9f9ffc523f1ae12263bfc901&nr=39046&pos=0&anz=1&Blank=1.pdf | AU12: EP06007976(A), EP1694020(B1) | AV12: DE1161820T1, DE60027414T2
A13: 4c O 12/17 | B13: Duesseldorf | C13: Yes | D13: Yes | E13: Yes | F13: No | G13: - | H13: - | I13: Yes | J13: Yes | K13: http://www.justiz.nrw.de/nrwe/lgs/duesseldorf/lg_duesseldorf/j2019/4c_O_12_17_Urteil_20190108.html | L13: - | M13: 01.04.2017 | N13: 08.01.2019 | Q13: 30000000/10000000 | S13: 06.09.2011 | U13: 10.02.2017 | V13: 10.02.2017 | W13: 06.09.2011 | X13: 08.01.2019 | Y13: Yes | Z13: No | AA13: Yes | AB13: Yes | AC13: Yes | AD13: Yes | AE13: Yes | AF13: Yes | AG13: Yes | AH13: No | AI13: No | AJ13: - | AK13: No | AL13: - | AM13: No | AN13: - | AO13: Yes | AP13: - | AQ13: 2 Ni 48/17 (EP), 2 Ni 51/17 (EP) | AR13: - | AS13: 24.08.2017 | AT13: - | AU13: EP07022122(A), EP1887806(B1) | AV13: -
A14: 4c O 44/18 | B14: Duesseldorf | C14: Yes | D14: Yes | E14: Yes | F14: No | G14: - | H14: - | I14: Yes | J14: Yes | K14: http://www.justiz.nrw.de/nrwe/lgs/duesseldorf/lg_duesseldorf/j2020/4c_O_44_18_Urteil_20200507.html | L14: - | M14: 01.10.2018 | N14: 07.05.2020 | Q14: 1000000 | S14: ? | T14: earlier (date unknown) [para 34] | W14: 11.07.2018 | X14: 07.05.2020 | Y14: Yes | Z14: No | AA14: Yes | AB14: Yes | AC14: Yes | AD14: Yes | AE14: Yes | AF14: Yes | AG14: Yes | AH14: Yes | AI14: No | AJ14: - | AK14: Yes | AL14: Same | AM14: No | AN14: - | AO14: Yes | AP14: Invalid for Germany | AQ14: 2 Ni 39/21 (EP) | AR14: 16.03.2023 | AS14: 29.03.2019 | AT14: http://juris.bundespatentgericht.de/cgi-bin/rechtsprechung/document.py?Gericht=bpatg&Art=en&sid=2a46cbd669d30945f37f9bc0306cdede&nr=43699&pos=0&anz=1&Blank=1.pdf | AU14: EP12794438(A), EP2777270 | AV14: -
A15: 4c O 56/18 | B15: Duesseldorf | C15: Yes | D15: Yes | E15: Yes | F15: No | G15: - | H15: - | I15: Yes | J15: Yes | K15: http://www.justiz.nrw.de/nrwe/lgs/duesseldorf/lg_duesseldorf/j2020/4c_O_56_18_Urteil_20200507.html | L15: - | M15: 01.10.2018 | N15: 07.05.2020 | Q15: 1000000 | S15: ? | T15: earlier (date unknown) [para 31] | U15: 24.09.2018 | V15: 24.09.2018 | W15: 03.09.2018 | X15: 07.05.2020 | Y15: Yes | Z15: No | AA15: Yes | AB15: Yes | AC15: Yes | AD15: Yes | AE15: Yes | AF15: Yes | AG15: Yes | AH15: No | AI15: No | AJ15: - | AK15: No | AL15: - | AM15: No | AN15: - | AO15: Yes | AP15: Partially invalid for Germany | AQ15: 2 Ni 7/21 (EP) | AR15: 27.01.2023 | AS15: 08.04.2019 | AT15: http://juris.bundespatentgericht.de/cgi-bin/rechtsprechung/document.py?Gericht=bpatg&Art=en&sid=512d6819bb3a9180b75a48161f5aff05&nr=43641&pos=0&anz=1&Blank=1.pdf | AU15: EP11714644(A), EP2559245 | AV15: -
A16: 4c O 69/18 | B16: Duesseldorf | C16: Yes | D16: Yes | E16: Yes | F16: No | G16: - | H16: - | I16: Yes | J16: Yes | K16: http://www.justiz.nrw.de/nrwe/lgs/duesseldorf/lg_duesseldorf/j2020/4c_O_69_18_Anerkenntnisurteil_20200507.html | L16: - | M16: 01.12.2018 | N16: 07.05.2020 | Q16: 1000000 | S16: ? | T16: earlier (date unknown) [para 37] | U16: 22.11.2018 | V16: 22.11.2018 | W16: 07.11.2017 | X16: 07.05.2020 | Y16: Yes | Z16: No | AA16: Yes | AB16: Yes | AC16: Yes | AD16: Yes | AE16: Yes | AF16: Yes | AG16: Yes | AH16: No | AI16: No | AJ16: - | AK16: No | AL16: - | AM16: No | AN16: - | AO16: Yes | AP16: - | AQ16: 5 Ni 7/19 (EP) | AR16: - | AS16: 24.07.2019 | AT16: - | AU16: EP03751150(A), EP1557072 | AV16: -
A17: 4c O 17/19 | B17: Duesseldorf | C17: Yes | D17: Yes | E17: n./a. | F17: Yes | G17: https://www.katheraugenstein.com:443/app/uploads/2020-11-26-LG-Duesseldorf-4c-O-17_19_DE.pdf | H17: https://www.katheraugenstein.com:443/app/uploads/2020-11-26-LG-Duesseldorf-4c-O-17_19_EN.pdf | I17: Yes | J17: Yes | K17: http://www.justiz.nrw.de/nrwe/lgs/duesseldorf/lg_duesseldorf/j2020/4c_O_17_19_Beschluss_20201126.html | L17: - | M17: 15.03.2019 | N17: 26.11.2020 | Q17: ? | S17: 01.03.2016 | U17: 21.03.2019 | V17: 21.03.2019 | W17: 09.11.2016 | X17: 26.11.2020 | Y17: ? | Z17: ? | AA17: Yes | AB17: Yes | AC17: ? | AD17: ? | AE17: ? | AF17: Yes | AG17: ? | AH17: No | AI17: No | AJ17: - | AK17: No | AL17: - | AM17: No | AN17: - | AO17: Yes | AP17: Invalid for Germany | AQ17: 2 Ni 37/20 (EP) | AR17: 17.03.2022 | AS17: 26.07.2019? | AT17: http://juris.bundespatentgericht.de/cgi-bin/rechtsprechung/document.py?Gericht=bpatg&Art=en&sid=53950807634dcf53171690d1a110fef0&nr=43025&pos=0&anz=1&Blank=1.pdf | AU17: EP07804979(A), EP2087629(B1) | AV17: -
A18: 7 O 96/14 | B18: Mannheim | C18: Yes | D18: Yes | E18: Yes | F18: Yes | G18: https://openjur.de/u/884742.html | H18: - | I18: Yes | J18: Yes | K18: http://lrbw.juris.de/cgi-bin/laender_rechtsprechung/document.py?Gericht=bw&GerichtAuswahl=Landgerichte&Art=en&sid=0790c421fe7d2d5a437b3b2305786018&nr=20517&anz=1&pos=0&Blank=1 | L18: 6 U 55/16 | M18: 01.07.2014 | N18: 08.01.2016 | O18: 1 | Q18: - | S18: 2013 | U18: 22.06.2014 | V18: 22.06.2014 | W18: 2013 | X18: 08.01.2016 | Y18: Yes | Z18: No | AA18: Yes | AB18: No | AC18: Yes | AD18: Yes | AE18: Yes | AF18: Yes | AG18: Yes | AH18: Yes | AI18: Yes | AJ18: Reversed in part | AK18: No | AL18: - | AM18: No | AN18: - | AO18: Yes | AP18: - | AQ18: 2 Ni 23/16, 2 Ni 38/17 (EP), 2 Ni 10/15 (EP) | AR18: - | AS18: 05.06.2015 | AT18: - | AU18: EP02021307(A), EP1267348 | AV18: DE69719582T2
A19: 7 O 66/15 | B19: Mannheim | C19: Yes | D19: Yes | E19: Yes | F19: Yes | G19: https://openjur.de/u/878158.html | H19: - | I19: Yes | J19: Yes | K19: http://lrbw.juris.de/cgi-bin/laender_rechtsprechung/document.py?Gericht=bw&GerichtAuswahl=Landgerichte&Art=en&sid=8366362dbe6de75dedf5f0aa93fa55fa&nr=20430&anz=1&pos=0&Blank=1 | L19: - | M19: 15.04.2015 | N19: 29.01.2016 | O19: 1 | Q19: - | S19: 19.03.2014 | U19: 05.04.2015 | V19: 05.04.2015 | W19: 19.03.2014 | X19: 29.01.2016 | Y19: Yes | Z19: No | AA19: Yes | AB19: No | AC19: Yes | AD19: Yes | AE19: Yes | AF19: Yes | AG19: Yes | AH19: No | AI19: No | AJ19: - | AK19: No | AL19: - | AM19: No | AN19: - | AO19: Yes | AP19: - | AQ19: 5 Ni 30/15 (EP) | AR19: - | AS19: 03.07.2015 | AT19: - | AU19: EP08000573(A), EP1914945 | AV19: DE602006000464T2
A20: 7 O 115/16 | B20: Mannheim | C20: Yes! | D20: Yes | E20: Yes | F20: Yes | G20: https://www.katheraugenstein.com:443/app/uploads/DE-LG-Mannheim-7-O-115-16.pdf | H20: https://www.katheraugenstein.com:443/app/uploads/EN-Regional-Court-Mannheim-7-O-115-16.pdf | I20: Yes | J20: No | K20: - | L20: - | M20: 04.10.2016 | N20: 04.09.2019 | Q20: - | S20: 01.06.2015 | U20: 02.07.2016 | V20: 02.07.2016 | W20: 01.06.2016 | X20: 04.09.2019 | Y20: Yes | Z20: - | AA20: Yes | AB20: No | AC20: Yes | AD20: ? | AE20: ? | AF20: Yes | AG20: Yes | AH20: Yes | AI20: Yes | AJ20: Reversed in part | AK20: No | AL20: - | AM20: No | AN20: - | AO20: Yes | AP20: Partially invalid for Germany | AQ20: 6 Ni 70/16 (EP) | AR20: 17.10.2018 | AS20: 10.11.2016 | AT20: http://juris.bundespatentgericht.de/cgi-bin/rechtsprechung/document.py?Gericht=bpatg&Art=en&sid=72dab1f480256d994d46d296e1d81f0e&nr=34383&pos=0&anz=1&Blank=1.pdf | AU20: EP99947502(A), EP1119997(B1) | AV20: DE69924130C5, DE69924130T2
A21: 7 O 165/16 | B21: Mannheim | C21: Yes! | D21: Yes | E21: No | F21: Yes | G21: https://www.katheraugenstein.com:443/app/uploads/2018-07-13-7-O-165_16-DE-pdf-2.pdf | H21: https://www.katheraugenstein.com:443/app/uploads/2018-09-28-7-O-165_16-EN-pdf-1-2.pdf | I21: Yes | J21: No | K21: - | L21: - | M21: 30.01.2017 | N21: 13.07.2018 | Q21: - | S21: 15.12.2014 | U21: 23.09.2016 | V21: 23.09.2016 | W21: 03.08.2015 | X21: 13.07.2018 | Y21: Yes | Z21: ? | AA21: Yes | AB21: Yes | AC21: No | AD21: No | AE21: - | AF21: ? | AG21: Yes | AH21: Yes | AI21: Yes | AJ21: Upheld | AK21: No | AL21: - | AM21: Yes | AN21: Reversed and remand | AO21: Yes | AP21: Partially invalid for Germany | AQ21: 2 Ni 14/17 (EP) | AR21: 19.09.2019 | AS21: 10.03.2017? | AT21: http://juris.bundespatentgericht.de/cgi-bin/rechtsprechung/document.py?Gericht=bpatg&Art=en&sid=75f141e9346b099fa6b6be07eb8d05a5&nr=39474&pos=0&anz=1&Blank=1.pdf | AU21: EP09741793(A), EP2294737 | AV21: -
A22: 7 O 19/16 | B22: Mannheim | C22: Yes | D22: Yes | E22: No | F22: Yes | G22: https://www.katheraugenstein.com:443/app/uploads/2016-11-17-7-O-19_16-DE-pdf-3.pdf | H22: https://www.katheraugenstein.com:443/app/uploads/2016-11-17-7-O-19_16-EN-pdf-3.pdf | I22: Yes | J22: Yes | K22: http://lrbw.juris.de/cgi-bin/laender_rechtsprechung/document.py?Gericht=bw&GerichtAuswahl=Landgerichte&Art=en&sid=6e6a9d26ac6aee935c628e75dd026e34&nr=21539&anz=1&pos=0&Blank=1 | L22: - | M22: 16.10.2015 | N22: 17.11.2016 | Q22: - | S22: 05.07.2014 | U22: 19.01.2016 | V22: 19.01.2016 | W22: 28.07.2015 | X22: 17.11.2016 | Y22: Yes | Z22: Yes | AA22: Yes | AB22: Yes | AC22: No | AD22: No | AE22: - | AF22: ? | AG22: Yes | AH22: No | AI22: No | AJ22: - | AK22: No | AL22: - | AM22: No | AN22: - | AO22: Yes | AP22: Invalid for Germany | AQ22: 2 Ni 10/17 (EP) | AR22: 25.03.2019 | AS22: 08.04.2016 | AT22: http://juris.bundespatentgericht.de/cgi-bin/rechtsprechung/document.py?Gericht=bpatg&Art=en&sid=b33d1bbc43fde716904fd6352120093b&nr=34377&pos=0&anz=1&Blank=1.pdf | AU22: EP02775087(A), EP1440525 | AV22: -
A23: 7 O 209/15 | B23: Mannheim | C23: Yes | D23: Yes | E23: No | F23: Yes | G23: http://lrbw.juris.de/cgi-bin/laender_rechtsprechung/document.py?Gericht=bw&nr=21580 | H23: - | I23: Yes | J23: Yes (no search) | K23: http://lrbw.juris.de/cgi-bin/laender_rechtsprechung/document.py?Gericht=bw&Datum=2023&nr=21580&Blank=1 | L23: - | M23: 16.10.2015 | N23: 17.11.2016 | Q23: - | S23: 05.07.2014 | U23: 31.10.2015 | V23: 31.10.2015 | W23: 28.07.2015 | X23: 17.11.2016 | Y23: Yes | Z23: Yes | AA23: Yes | AB23: Yes | AC23: No | AD23: No | AE23: - | AF23: ? | AG23: Yes | AH23: No | AI23: No | AJ23: - | AK23: No | AL23: - | AM23: No | AN23: - | AO23: Yes | AP23: Partially invalid for Germany | AQ23: 6 Ni 39/16 (EP) | AR23: 13.11.2018 | AS23: 24.03.2016 | AT23: http://juris.bundespatentgericht.de/cgi-bin/rechtsprechung/document.py?Gericht=bpatg&Art=en&sid=b7368e91684c1e0fa0058a1a34d5c60a&nr=33531&pos=1&anz=4&Blank=1.pdf | AU23: EP99969233(A), EP1062745(B1); EP99964682(A), EP1062743(B1) | AV23: DE69933654T2, DE69934577T2, DE69935715T2
A24: 7 O 18/17 | B24: Mannheim | C24: Yes! | D24: Yes | E24: No | F24: Yes | G24: https://www.katheraugenstein.com:443/app/uploads/2018-03-02-7-O-18-17-DE-KBR-Richtig.pdf | H24: https://www.katheraugenstein.com:443/app/uploads/2018-03-02-7-O-18_17-EN-pdf.pdf | I24: Yes | J24: No | K24: - | L24: - | M24: 29.11.2016 | N24: 02.03.2018 | Q24: - | S24: 13.10.2014 | U24: 29.01.2017 | V24: 29.01.2017 | W24: 28.07.2015 | X24: 02.03.2018 | Y24: Yes | Z24: Yes | AA24: Yes | AB24: No | AC24: - | AD24: - | AE24: - | AF24: ? | AG24: Yes | AH24: No | AI24: No | AJ24: - | AK24: No | AL24: - | AM24: No | AN24: - | AO24: Yes | AP24: Charges dismissed | AQ24: 6 Ni 24/17 (EP) | AR24: 02.10.2019 | AS24: 17.06.2019 | AT24: http://juris.bundespatentgericht.de/cgi-bin/rechtsprechung/document.py?Gericht=bpatg&Art=en&sid=9be8db4304df34a7cf8fe900676cd57d&nr=37403&pos=0&anz=1&Blank=1.pdf | AU24: EP99965566(A), EP1062744(B1) | AV24: DE69933654T2, DE69934577T2, DE69935715T2
A25: 2 O 136/18 | B25: Mannheim | C25: Yes!* | D25: Yes | E25: No | F25: Yes | G25: https://www.katheraugenstein.com:443/app/uploads/2020-08-21-LG-Mannheim-2-O-136_18-DE.pdf | H25: https://www.katheraugenstein.com:443/app/uploads/2020-08-21-LG-Mannheim-2-O-136_18-EN.pdf | I25: Yes | J25: No | K25: - | L25: - | M25: 01.03.2018 | N25: 21.08.2020 | Q25: - | S25: 15.12.2014 | U25: 17.10.2018 | V25: 17.10.2018 | W25: 01.02.2016 | X25: 21.08.2020 | Y25: Yes | Z25: Yes | AA25: Yes | AB25: Yes | AC25: No | AD25: No | AE25: No | AF25: ? | AG25: Yes | AH25: Yes | AI25: Yes | AJ25: Reversed | AK25: No | AL25: - | AM25: No | AN25: - | AO25: Yes | AP25: Partially invalid for Germany | AQ25: 2 Ni 14/17 (EP) | AR25: 19.09.2019 | AS25: 10.03.2017? | AT25: http://juris.bundespatentgericht.de/cgi-bin/rechtsprechung/document.py?Gericht=bpatg&Art=en&sid=bbc8084d4a1b275b62cfa1c3e7203c48&nr=39474&pos=0&anz=1&Blank=1.pdf | AU25: EP09741793(A), EP2294737 | AV25: -
A26: 2 O 131/19 | B26: Mannheim | C26: Yes* | D26: Yes | E26: Yes | F26: Yes | G26: https://www.katheraugenstein.com:443/app/uploads/2021-03-02-LG-Mannheim-2-O-131-19-DE.pdf | H26: https://www.katheraugenstein.com:443/app/uploads/2021-03-02-LG-Mannheim-2-O-131-19-EN.pdf | I26: Yes | J26: No | K26: - | L26: - | M26: 15.11.2019 | N26: 02.03.2021 | Q26: - | S26: 29.03.2016 | W26: ? | X26: 02.03.2021 | Y26: Yes | Z26: No | AA26: Yes | AB26: No | AC26: Yes | AD26: Yes | AE26: Yes | AF26: ? | AG26: ? | AH26: No | AI26: No | AJ26: - | AK26: No | AL26: - | AM26: No | AN26: - | AO26: ? | AP26: ? | AQ26: ? | AR26: ? | AS26: ? | AT26: ? | AU26: ? | AV26: ?
A27: 2 O 34/19 | B27: Mannheim | C27: Yes! | D27: Yes | E27: Yes | F27: Yes | G27: https://www.katheraugenstein.com:443/app/uploads/2020-08-18-LG-Mannheim-2-O-34_19-DE.pdf | H27: https://www.katheraugenstein.com:443/app/uploads/2020-08-18-LG-Mannheim-2-O-34_19-EN.pdf | I27: Yes | J27: No | K27: - | L27: - | M27: 01.04.2019 | N27: 18.08.2020 | Q27: - | S27: 21.06.2016 | U27: 21.03.2019 | V27: 21.03.2019 | W27: 09.11.2016 | X27: 18.08.2020 | Y27: - | Z27: No | AA27: Yes | AB27: No | AC27: - | AD27: - | AE27: - | AF27: Yes | AG27: Yes | AH27: Yes | AI27: Yes | AJ27: Upheld? | AK27: No | AL27: - | AM27: No | AN27: - | AO27: Yes | AP27: - | AQ27: 5 Ni 24/19 (EP) | AR27: - | AS27: 04.12.2019 | AT27: - | AU27: EP15181110(A), EP2981103(B1) | AV27: -
A28: 7 O 15350/19 | B28: Munich | C28: Yes | D28: Yes | E28: Yes | F28: No | G28: - | H28: - | J28: Yes | K28: https://www.gesetze-bayern.de/Content/Document/Y-300-Z-GRURRS-B-2021-N-23157 | L28: - | M28: 19.02.2021 | N28: 19.08.2021 | Q28: - | S28: 21.08.2019 | U28: 10.10.2019 | V28: 10.10.2019 | W28: 21.08.2019 | X28: 19.08.2021 | Y28: Yes | Z28: No | AA28: Yes | AB28: No | AC28: - | AD28: - | AE28: - | AF28: ? | AG28: ? | AH28: No | AI28: No | AJ28: - | AK28: No | AL28: - | AM28: No | AN28: - | AO28: Yes | AP28: Invalid for Germany | AQ28: 4 Ni 11/21 (EP) | AR28: 02.08.2022 | AS28: 10.09.2020 | AT28: http://juris.bundespatentgericht.de/cgi-bin/rechtsprechung/document.py?Gericht=bpatg&Art=en&sid=94908c89b72e65e1f7d29010c2144ab1&nr=43267&pos=0&anz=1&Blank=1.pdf | AU28: EP14889618(A), EP3132443 | AV28: -
A29: 2 O 75/21 | B29: Mannheim | C29: Yes* | D29: Yes | E29: Yes | F29: Yes | G29: https://www.katheraugenstein.com/app/uploads/2022-07-05-LG-Mannheim-2-O-75_21-LTE-Mobilfunkstandard.pdf | H29: https://www.katheraugenstein.com/app/uploads/2022-07-05-Regional-Court-Mannheim-2-O-75_21-LTE-Mobilfunkstandard-EN.pdf | I29: Yes | J29: No | K29: - | L29: - | M29: 08.07.2021 | N29: 05.07.2022 | Q29: - | S29: ? | U29: 08.07.2021 | V29: 08.07.2021 | W29: ? | X29: 05.07.2022 | Y29: Yes | Z29: No | AA29: Yes | AB29: No | AC29: - | AD29: - | AE29: - | AF29: ? | AG29: ? | AH29: Yes | AI29: Yes | AJ29: Rejected the application for temporarily stop | AK29: No | AL29: - | AM29: No | AN29: - | AO29: Yes | AP29: - | AQ29: 5 Ni 60/21 (EP) | AR29: - | AS29: 06.12.2021 | AT29: - | AU29: EP15181110(A), EP2981103, EP17163537(A), EP3220562 | AV29: -
A30: 7 O 28/16 | B30: Mannheim | C30: Yes! | D30: Yes | E30: No | F30: Yes | G30: https://www.katheraugenstein.com/app/uploads/2017-11-10-7-O-28_16-DE-pdf-1.pdf | H30: https://www.katheraugenstein.com/app/uploads/2017-11-10-7-O-28_16-EN-pdf-1.pdf | I30: Yes | J30: No | K30: - | L30: - | M30: 03.02.2016 | N30: 10.11.2017 | Q30: - | S30: 01.11.2013 | U30: 03.02.2016 | V30: 03.02.2016 | W30: 01.11.2013 | X30: 10.11.2017 | Y30: Yes | Z30: Yes | AA30: Yes | AB30: Yes | AC30: No | AD30: No | AE30: - | AF30: ? | AG30: ? | AH30: No | AI30: No | AJ30: - | AK30: No | AL30: - | AM30: No | AN30: - | AO30: Yes | AP30: Invalid for Germany | AQ30: 6 Ni 50/16 (EP) | AR30: 09.01.2020 | AS30: 04.05.2016 | AT30: http://juris.bundespatentgericht.de/cgi-bin/rechtsprechung/document.py?Gericht=bpatg&Art=en&sid=3652ff2c1f99b1fe95e3eef59630f1fa&nr=38914&pos=0&anz=1&Blank=1.pdf | AU30: EP04728378(A), EP1623511(B1) | AV30: DE602004005179T2
A31: 2 O 106/14 | B31: Mannheim | C31: Yes | D31: Yes | E31: Yes | F31: Yes | G31: https://www.katheraugenstein.com/app/uploads/2015-11-27-2-O-106_-14-DE-pdf.pdf | H31: https://www.katheraugenstein.com/app/uploads/2015-11-27-2-O-106_14-EN-pdf-1.pdf | I31: Yes | J31: Yes | K31: http://lrbw.juris.de/cgi-bin/laender_rechtsprechung/document.py?Gericht=bw&GerichtAuswahl=Landgerichte&Art=en&sid=f3caef45b2432c5f65740b9bb5cc38da&nr=20078&anz=1&pos=0&Blank=1 | L31: - | M31: 15.06.2014 | N31: 27.11.2015 | O31: 1 | Q31: - | S31: 01.07.2014 | U31: 15.06.2014 | V31: 15.06.2014 | W31: 25.03.2015 | X31: 27.11.2015 | Y31: Yes | Z31: No | AA31: Yes | AB31: No | AC31: Yes | AD31: Yes | AE31: - | AF31: ? | AG31: Yes | AH31: Yes | AI31: Yes | AJ31: ? | AK31: No | AL31: - | AM31: No | AN31: - | AO31: Yes | AP31: - | AQ31: 4 Ni 6/15 (EP), 6 Ni 7/16 (EP), 6 Ni 63/16 (EP), 4 Ni 33/14 (EP) | AR31: - | AS31: 06.11.2014 | AT31: - | AU31: EP99952183(A), EP1125284 | AV31: DE69910240T2, DE69913724T2
A32: 21 O 11522/21 | B32: Munich | C32: Yes | D32: Yes | E32: Yes | F32: Yes | G32: https://www.katheraugenstein.com/app/uploads/LG-Muenchen-I-05.08.2022-21-O-11522_21-Pitch-Lag-Schaetzung.pdf | H32: https://www.katheraugenstein.com/app/uploads/LG-Muenchen-I-05.08.2022-21-O-11522_21-Pitch-Lag-Schaetzung-EN.pdf | I32: Yes | J32: Yes | K32: https://www.gesetze-bayern.de/Content/Document/Y-300-Z-GRURRS-B-2022-N-26267?hl=true | L32: 21 O 8879/21; 21 O 8890/21 | M32: 23.03.2022 | N32: 05.08.2022 | Q32: - | S32: ? | W32: ? | X32: 05.08.2022 | Y32: Yes | Z32: No | AA32: Yes | AB32: No | AC32: - | AD32: - | AE32: - | AF32: ? | AG32: Yes | AH32: No | AI32: No | AJ32: - | AK32: No | AL32: - | AM32: No | AN32: - | AO32: Yes | AP32: - | AQ32: 4 Ni 33/22 (EP) | AR32: - | AS32: 19.04.2022 | AT32: - | AU32: EP07826610(A), EP2080193 | AV32: -
A33: 21 O 1910/22 | B33: Munich | C33: Yes | D33: Yes | E33: Yes | F33: Yes | G33: https://www.katheraugenstein.com/app/uploads/2023-04-19-LG-Muenchen-I-21-O-1910_22-Rahmenloeschung.pdf | H33: https://www.katheraugenstein.com/app/uploads/2023-04-19-Regional-Court-Munich-I-21-O-1910_22-Rahmenloeschung_en.pdf | I33: Yes | J33: Yes | K33: https://www.gesetze-bayern.de/Content/Document/Y-300-Z-GRURRS-B-2023-N-18036?hl=true | L33: - | M33: 18.01.2023 | N33: 19.04.2023 | Q33: - | S33: ? | W33: ? | X33: 19.04.2023 | Y33: Yes | Z33: No | AA33: Yes | AB33: No | AC33: - | AD33: - | AE33: - | AF33: ? | AG33: ? | AH33: No | AI33: No | AJ33: - | AK33: No | AL33: - | AM33: No | AN33: - | AO33: Yes | AP33: Charges dismissed | AQ33: 4 Ni 9/21 (EP) | AR33: 06.12.2021 | AS33: 08.05.2020 | AT33: http://juris.bundespatentgericht.de/cgi-bin/rechtsprechung/document.py?Gericht=bpatg&Art=en&sid=c6c57cea8d597be4ddff88df5e0c1bd4&nr=42398&pos=0&anz=1&Blank=1.pdf | AU33: EP03727094(A), EP1509903 | AV33: -
A34: 21 O 4140/21 | B34: Munich | C34: Yes | D34: Yes | E34: Yes | F34: Yes | G34: https://www.katheraugenstein.com/app/uploads/2023-02-17-LG-Muenchen-21-O-4140_21.pdf | H34: https://www.katheraugenstein.com/app/uploads/2023-02-17-Regional-Court-Munich-21-O-4140_21.pdf | I34: Yes | J34: Yes | K34: https://www.gesetze-bayern.de/Content/Document/Y-300-Z-GRURRS-B-2023-N-11247?hl=true | L34: - | M34: 21.09.2022 | N34: 17.02.2023 | Q34: - | S34: 01.03.2021 | W34: 01.03.2021 | X34: 17.02.2023 | Y34: Yes | Z34: No | AA34: Yes | AB34: No | AC34: - | AD34: - | AE34: - | AF34: Yes | AG34: ? | AH34: No | AI34: No | AJ34: - | AK34: No | AL34: - | AM34: No | AN34: - | AO34: Yes | AP34: Partially invalid for Germany | AQ34: 2 Ni 7/21 (EP) | AR34: 27.01.2023 | AS34: 08.04.2019 | AT34: http://juris.bundespatentgericht.de/cgi-bin/rechtsprechung/document.py?Gericht=bpatg&Art=en&sid=ffd14ec36a6dfbd64662b605345661a0&nr=43641&pos=0&anz=1&Blank=1.pdf | AU34: EP11714644(A), EP2559245 | AV34: -
A35: 7 O 8818/19 | B35: Munich | C35: Yes | D35: Yes | E35: Yes | F35: Yes | G35: https://www.katheraugenstein.com/app/uploads/2020-09-10-LG-Muenchen-7-O-8818_19-DE.pdf | H35: https://www.katheraugenstein.com/app/uploads/2020-09-10-LG-Muenchen-7-O-8818_19-EN.pdf | I35: Yes | J35: Yes | K35: https://www.gesetze-bayern.de/Content/Document/Y-300-Z-GRURRS-B-2020-N-22577?hl=true | L35: - | M35: 28.06.2019 | N35: 10.09.2020 | Q35: - | S35: 2016 | U35: 28.06.2019 | V35: 28.06.2019 | W35: 08.09.2016 | X35: 10.09.2020 | Y35: Yes | Z35: No | AA35: Yes | AB35: No | AC35: Yes | AD35: Yes | AE35: Yes | AF35: Yes | AG35: Yes | AH35: No | AI35: No | AJ35: - | AK35: No | AL35: - | AM35: No | AN35: - | AO35: Yes | AP35: - | AQ35: 6 Ni 2/20 (EP), 8 Ni 12/23 (EP), 4 Ni 7/22 (EP) | AR35: - | AS35: 10.02.2020, 09.02.2020 | AT35: - | AU35: EP13003937(A), EP2667676(B1) | AV35: -
A36: 4a O 27/16 | B36: Duesseldorf | C36: Yes | D36: Yes | E36: No | F36: Yes | G36: https://www.justiz.nrw.de/nrwe/lgs/duesseldorf/lg_duesseldorf/j2017/4a_O_27_16_Urteil_20170713.html | H36: - | I36: Yes | J36: Yes | K36: https://www.justiz.nrw.de/nrwe/lgs/duesseldorf/lg_duesseldorf/j2017/4a_O_27_16_Urteil_20170713.html | L36: - | M36: 18.03.2016 | N36: 13.07.2017 | Q36: 1000000/250000 | S36: 04.12.2012 | U36: 18.03.2016 | V36: 18.03.2016 | W36: 04.12.2012 | X36: 13.07.2017 | Y36: Yes | Z36: Yes | AA36: Yes | AB36: Yes | AC36: No | AD36: No | AE36: - | AF36: ? | AG36: Yes | AH36: No | AI36: No | AJ36: - | AK36: No | AL36: - | AM36: No | AN36: - | AO36: Yes | AP36: Partially invalid for Germany | AQ36: 6 Ni 10/15 (EP) | AR36: 06.10.2017 | AS36: 13.03.2015 | AT36: http://juris.bundespatentgericht.de/cgi-bin/rechtsprechung/document.py?Gericht=bpatg&Art=en&sid=1740b61095c41bc7591b0735ca03401a&nr=36064&pos=0&anz=1&Blank=1.pdf | AU36: EP96931826(A), EP0852885 | AV36: DE69635453C5, DE69635453T2
A37: 4a O 154/15 | B37: Duesseldorf | C37: Yes | D37: Yes | E37: No | F37: Yes | G37: https://www.justiz.nrw.de/nrwe/lgs/duesseldorf/lg_duesseldorf/j2017/4a_O_154_15_Urteil_20170713.html | H37: - | I37: Yes | J37: Yes | K37: https://www.justiz.nrw.de/nrwe/lgs/duesseldorf/lg_duesseldorf/j2017/4a_O_154_15_Urteil_20170713.html | L37: - | M37: 11.06.2015 | N37: 13.07.2017 | O37: 1 | Q37: 1000000/250000 | S37: 04.12.2012 | U37: 06.11.2015 | V37: 06.11.2015 | W37: 04.12.2012 | X37: 13.07.2017 | Y37: Yes | Z37: Yes | AA37: Yes | AB37: Yes | AC37: No | AD37: No | AE37: - | AF37: ? | AG37: Yes | AH37: No | AI37: No | AJ37: - | AK37: No | AL37: - | AM37: No | AN37: - | AO37: Yes | AP37: Partially invalid for Germany | AQ37: 6 Ni 10/15 (EP) | AR37: 06.10.2017 | AS37: 13.03.2015 | AT37: http://juris.bundespatentgericht.de/cgi-bin/rechtsprechung/document.py?Gericht=bpatg&Art=en&sid=1740b61095c41bc7591b0735ca03401a&nr=36064&pos=0&anz=1&Blank=1.pdf | AU37: EP96931826(A), EP0852885 | AV37: DE69635453C5, DE69635453T3
A38: 14d O 13/17 | B38: Duesseldorf | C38: Yes | D38: Yes | E38: No | F38: Yes | G38: https://www.justiz.nrw.de/nrwe/lgs/duesseldorf/lg_duesseldorf/j2017/14d_O_13_17_Urteil_20171109.html | H38: - | I38: Yes | J38: Yes | K38: https://www.justiz.nrw.de/nrwe/lgs/duesseldorf/lg_duesseldorf/j2017/14d_O_13_17_Urteil_20171109.html | L38: - | M38: 07.09.2017 | N38: 09.11.2017 | Q38: ? | S38: ? | U38: 07.09.2015 | W38: ? | X38: 09.11.2017 | Y38: Yes | Z38: Yes | AA38: ? | AB38: ? | AC38: No | AD38: ? | AE38: ? | AF38: ? | AG38: ? | AH38: No | AI38: No | AJ38: - | AK38: No | AL38: - | AM38: No | AN38: - | AO38: ? | AP38: ? | AQ38: ? | AR38: ? | AS38: ? | AT38: ? | AU38: ? | AV38: ?
A39: 7 O 38/14 | B39: Mannheim | C39: Yes! | D39: Yes? | E39: No | F39: No | G39: - | H39: - | I39: Yes | J39: No | K39: - | L39: - | M39: 21.03.2014 | N39: 26.02.2016 | O39: 1 | Q39: - | S39: ? | U39: 21.03.2014 | V39: 21.03.2014 | W39: ? | X39: 26.02.2016 | Y39: - | Z39: ? | AA39: - | AB39: - | AC39: - | AD39: - | AE39: - | AF39: ? | AG39: ? | AH39: No | AI39: No | AJ39: - | AK39: No | AL39: - | AM39: No | AN39: - | AO39: Yes | AP39: Fully revoked | AQ39: 19 W (pat) 69/13 | AR39: 12.04.2016 | AS39: 21.11.2013 | AT39: http://juris.bundespatentgericht.de/cgi-bin/rechtsprechung/document.py?Gericht=bpatg&Art=en&sid=aff07b20593ede41bbe8007fa65d4a0d&nr=28089&pos=1&anz=2&Blank=1.pdf | AU39: DE19910239(A), DE19910239 | AV39: DE19910239A1, DE19910239B4, DE20024006U1, DE20024007U1
A40: 7 O 24/14 | B40: Mannheim | C40: Yes! | D40: Yes | E40: Yes | F40: No | G40: - | H40: - | I40: Yes | J40: No | K40: - | L40: - | M40: 26.02.2014 | N40: 21.11.2014/04.03.2016 | O40: 1 | Q40: - | S40: ? | U40: 26.02.2014 | V40: 26.02.2014 | W40: 13.03.2015 | X40: 21.11.2014/04.03.2016 | Y40: - | Z40: No | AA40: Yes | AB40: Yes | AC40: Yes | AD40: Yes | AE40: Yes | AF40: Yes | AG40: Yes | AH40: Yes | AI40: Yes | AJ40: ? | AK40: No | AL40: - | AM40: No | AN40: - | AO40: Yes | AP40: Invalid for Germany | AQ40: 2 Ni 5/16 (EP) | AR40: 02.02.2017 | AS40: 23.07.2014 | AT40: http://juris.bundespatentgericht.de/cgi-bin/rechtsprechung/document.py?Gericht=bpatg&Art=en&sid=591686bf13eeae126c67a6bd158e28d8&nr=29077&pos=0&anz=1&Blank=1.pdf | AU40: EP96301947(A), EP0734181(B1) | AV40: DE69628487T2
A41: 7 O 26/14 | B41: Mannheim | C41: Yes! | D41: Yes | E41: Yes | F41: No | G41: - | H41: - | I41: Yes | J41: No | K41: - | L41: - | M41: 01.03.2014 | N41: 21.11.2014/11.03.2016 | O41: 1 | Q41: - | S41: ? | U41: 01.03.2014 | V41: 01.03.2014 | W41: 13.05.2015 | X41: 21.11.2014/11.03.2016 | Y41: Yes | Z41: No | AA41: Yes | AB41: Yes | AC41: Yes | AD41: Yes | AE41: Yes | AF41: Yes | AG41: Yes | AH41: No | AI41: No | AJ41: - | AK41: No | AL41: - | AM41: No | AN41: - | AO41: Yes | AP41: Invalid for Germany | AQ41: 2 Ni 5/16 (EP) | AR41: 02.02.2017 | AS41: 23.07.2014 | AT41: http://juris.bundespatentgericht.de/cgi-bin/rechtsprechung/document.py?Gericht=bpatg&Art=en&sid=591686bf13eeae126c67a6bd158e28d8&nr=29077&pos=0&anz=1&Blank=1.pdf | AU41: EP96301947(A), EP0734181(B1) | AV41: DE69628487T3
A42: 7 O 43/16 | B42: Mannheim | C42: Yes! | D42: Yes | E42: Yes | F42: No | G42: - | H42: - | I42: Yes | J42: No | K42: - | L42: - | M42: 28.02.2016 | N42: 25.11.2016 | Q42: - | S42: 13.10.2014 | U42: 28.02.2016 | V42: 28.02.2016 | W42: 28.07.2015 | X42: 25.11.2016 | Y42: - | Z42: No | AA42: Yes | AB42: No | AC42: - | AD42: - | AE42: - | AF42: ? | AG42: Yes | AH42: No | AI42: No | AJ42: - | AK42: No | AL42: - | AM42: No | AN42: - | AO42: Yes | AP42: Invalid for Germany | AQ42: 2 Ni 10/17 (EP) | AR42: 25.03.2019 | AS42: 08.04.2016 | AT42: http://juris.bundespatentgericht.de/cgi-bin/rechtsprechung/document.py?Gericht=bpatg&Art=en&sid=ddb6b4977af588ff2df7ce84427473b5&nr=34377&pos=0&anz=1&Blank=1.pdf | AU42: EP02775087(A), EP1440525 | AV42: -
A43: 7 O 44/16 | B43: Mannheim | C43: Yes! | D43: Yes | E43: Yes | F43: No | G43: - | H43: - | I43: Yes | J43: No | K43: - | L43: - | M43: 01.03.2016 | N43: 25.11.2016 | Q43: - | S43: 13.10.2014 | U43: 01.03.2016 | V43: 01.03.2016 | W43: 28.07.2015 | X43: 25.11.2016 | Y43: Yes | Z43: No | AA43: Yes | AB43: No | AC43: - | AD43: - | AE43: - | AF43: ? | AG43: Yes | AH43: Yes | AI43: Yes | AJ43: Reversed in part | AK43: No | AL43: - | AM43: No | AN43: - | AO43: Yes | AP43: Partially invalid for Germany | AQ43: 5 Ni 38/16 (EP) | AR43: 26.06.2019 | AS43: 12.05.2016 | AT43: http://juris.bundespatentgericht.de/cgi-bin/rechtsprechung/document.py?Gericht=bpatg&Art=en&sid=5688c2d62c5fd7a11b2b8759c2350e57&nr=36914&pos=0&anz=1&Blank=1.pdf | AU43: EP05799607(A), EP1815647 | AV43: -
A44: 7 O 212/15 | B44: Mannheim | C44: Yes! | D44: Yes | E44: Yes | F44: No | G44: - | H44: - | I44: Yes | J44: No | K44: - | L44: - | M44: 05.11.2015 | N44: 27.01.2017 | Q44: - | S44: 13.10.2014 | U44: 05.11.2015 | V44: 05.11.2015 | W44: 28.07.2015 | X44: 27.01.2017 | Y44: Yes | Z44: No | AA44: Yes | AB44: No | AC44: - | AD44: - | AE44: - | AF44: ? | AG44: Yes | AH44: No | AI44: No | AJ44: - | AK44: No | AL44: - | AM44: No | AN44: - | AO44: Yes | AP44: Partially invalid for Germany | AQ44: 6 Ni 39/16 (EP) | AR44: 13.11.2018 | AS44: 24.03.2016 | AT44: http://juris.bundespatentgericht.de/cgi-bin/rechtsprechung/document.py?Gericht=bpatg&Art=en&sid=b7368e91684c1e0fa0058a1a34d5c60a&nr=33531&pos=1&anz=4&Blank=1.pdf | AU44: EP99964682(A), EP1062743, EP99969233(A), EP1062745 | AV44: DE69933654T2, DE69934577T2, DE69935715T2
A45: 7 O 31/16 | B45: Mannheim | C45: Yes! | D45: Yes | E45: No | F45: No | G45: - | H45: - | I45: Yes | J45: No | K45: - | L45: - | M45: 08.02.2016 | N45: 24.02.2017 | Q45: - | S45: 13.12.2005 | U45: 08.02.2016 | V45: 39965 | W45: 17.09.2015 | X45: 24.02.2017 | Y45: Yes | Z45: Yes | AA45: Yes | AB45: Yes | AC45: No | AD45: No | AE45: - | AF45: ? | AG45: Yes | AH45: No | AI45: No | AJ45: - | AK45: No | AL45: - | AM45: No | AN45: - | AO45: Yes | AP45: Invalid for Germany | AQ45: 6 Ni 50/16 (EP) | AR45: 09.01.2020 | AS45: 04.05.2016 | AT45: http://juris.bundespatentgericht.de/cgi-bin/rechtsprechung/document.py?Gericht=bpatg&Art=en&sid=c7af110d065a7de705de0f054d1a4b27&nr=38914&pos=0&anz=1&Blank=1.pdf | AU45: EP04728378(A), EP1623511 | AV45: DE602004005179T2
A46: 2 O 98/16 | B46: Mannheim | C46: Yes! | D46: Yes | E46: No | F46: No | G46: - | H46: - | I46: Yes | J46: No | K46: - | L46: - | M46: 09.06.2016 | N46: 23.05.2017 | Q46: - | S46: 01.12.2014 | W46: 01.02.2016 | X46: 23.05.2017 | Y46: Yes | Z46: Yes | AA46: Yes | AB46: Yes | AC46: No | AD46: No | AE46: - | AF46: ? | AG46: Yes | AH46: Yes | AI46: Yes | AJ46: ? | AK46: No | AL46: - | AM46: No | AN46: - | AO46: Yes | AP46: Partially invalid for Germany | AQ46: 6 Ni 67/16 (EP) | AR46: 05.12.2018 | AS46: 08.09.2016 | AT46: http://juris.bundespatentgericht.de/cgi-bin/rechtsprechung/document.py?Gericht=bpatg&Art=en&sid=0bea35bd8712808b6b1afc35cd8c17f9&nr=34416&pos=0&anz=1&Blank=1.pdf | AU46: EP99126132(A), EP0991054 | AV46: DE69708693C5, DE69708693T2, DE69708696T2, DE69708697T2, DE69710505T2, DE69710794T2, DE69711715T2, DE69712535T2, DE69712537T2, DE69712538T2, DE69712539T2, DE69712927T2, DE69712928T2, DE69713633T2, DE69715478T2, DE69721595T2, DE69723324T2, DE69730316T2

Sheet Old graphs
A1: Landgericht | B1: Yes | C1: No | D1: n./a. | J1: pre-Huawei | K1: post-Huawei | Q1: pre-Huawei | R1: post-Huawei | W1: Landgericht | X1: Yes | Y1: No | Z1: n./a. | AE1: Klage | AF1: Injunction | AG1: Amount lower | AH1: Amount upper | AI1: Amount average | AJ1: Category | AM1: Injunction granted | AN1: Not granted
A2: Duesseldorf | B2: =COUNTIFS(Sheet4!$B:$B,$A2,Sheet4!$E:$E,B$1) -> 10 | C2: =COUNTIFS(Sheet4!$B:$B,$A2,Sheet4!$E:$E,C$1) -> 8 | D2: =COUNTIFS(Sheet4!$B:$B,$A2,Sheet4!$E:$E,D$1) -> 1 | I2: 2014 | J2: 0 | K2: 0 | P2: Yes | Q2: =SUMIF(Sheet4!E:E,P2,Sheet4!O:O) -> 8 | R2: =COUNTIF(Sheet4!E:E,P2)-Q2 -> 19 | W2: Duesseldorf | X2: =COUNTIFS(Sheet4!$B:$B, $W2, Sheet4!$E:$E, X$1, Sheet4!$O:$O, "<>1") -> 7 | Y2: =COUNTIFS(Sheet4!$B:$B, $W2, Sheet4!$E:$E, Y$1, Sheet4!$O:$O, "<>1") -> 7 | Z2: =COUNTIFS(Sheet4!$B:$B, $W2, Sheet4!$E:$E, Z$1, Sheet4!$O:$O, "<>1") -> 1 | AE2: 4a O 144/14 | AF2: Yes | AG2: 500000 | AH2: 500000 | AI2: =IF(AG2=AH2,AG2,((AG2+AH2)/2)) -> 500000 | AJ2: =IF(AND(AI2<1000000,AI2<>""),"<1M",IF(AND(AI2>=1000000,AI2<=2500000),"1-2.5M",IF(AND(AI2>=4000000,AI2<=5000000),"4-5M",IF(AND(AI2>=10000000,AI2<=19000000),"10-19M",IF(AI2>=20000000,">20M",""))))) -> <1M | AL2: <1M | AM2: 1 | AN2: 2
A3: Mannheim | B3: =COUNTIFS(Sheet4!$B:$B,$A3,Sheet4!$E:$E,B$1) -> 12 | C3: =COUNTIFS(Sheet4!$B:$B,$A3,Sheet4!$E:$E,C$1) -> 9 | D3: =COUNTIFS(Sheet4!$B:$B,$A3,Sheet4!$E:$E,D$1) -> 0 | I3: 2015 | J3: 2 | K3: 0 | P3: No | Q3: =SUMIF(Sheet4!E:E,P3,Sheet4!O:O) -> 2 | R3: =COUNTIF(Sheet4!E:E,P3)-Q3 -> 15 | W3: Mannheim | X3: =COUNTIFS(Sheet4!$B:$B, $W3, Sheet4!$E:$E, X$1, Sheet4!$O:$O, "<>1") -> 7 | Y3: =COUNTIFS(Sheet4!$B:$B, $W3, Sheet4!$E:$E, Y$1, Sheet4!$O:$O, "<>1") -> 8 | Z3: =COUNTIFS(Sheet4!$B:$B, $W3, Sheet4!$E:$E, Z$1, Sheet4!$O:$O, "<>1") -> 0 | AE3: 4a O 126/14 | AF3: Yes | AG3: 2000000 | AH3: 2000000 | AI3: =IF(AG3=AH3,AG3,((AG3+AH3)/2)) -> 2000000 | AJ3: =IF(AND(AI3<1000000,AI3<>""),"<1M",IF(AND(AI3>=1000000,AI3<=2500000),"1-2.5M",IF(AND(AI3>=4000000,AI3<=5000000),"4-5M",IF(AND(AI3>=10000000,AI3<=19000000),"10-19M",IF(AI3>=20000000,">20M",""))))) -> 1-2.5M | AL3: 1-2.5M | AM3: =COUNTIFS($AJ$2:$AJ$18,$AL3,$AF$2:$AF$18,"Yes") -> 6 | AN3: =COUNTIFS($AJ$2:$AJ$18,$AL3,$AF$2:$AF$18,"No") -> 2
A4: Munich | B4: =COUNTIFS(Sheet4!$B:$B,$A4,Sheet4!$E:$E,B$1) -> 5 | C4: =COUNTIFS(Sheet4!$B:$B,$A4,Sheet4!$E:$E,C$1) -> 0 | D4: =COUNTIFS(Sheet4!$B:$B,$A4,Sheet4!$E:$E,D$1) -> 0 | I4: 2016 | J4: 7 | K4: 4 | P4: n./a. | Q4: =SUMIF(Sheet4!E:E,P4,Sheet4!O:O) -> 0 | R4: =COUNTIF(Sheet4!E:E,P4)-Q4 -> 1 | W4: Munich | X4: =COUNTIFS(Sheet4!$B:$B, $W4, Sheet4!$E:$E, X$1, Sheet4!$O:$O, "<>1") -> 5 | Y4: =COUNTIFS(Sheet4!$B:$B, $W4, Sheet4!$E:$E, Y$1, Sheet4!$O:$O, "<>1") -> 0 | Z4: =COUNTIFS(Sheet4!$B:$B, $W4, Sheet4!$E:$E, Z$1, Sheet4!$O:$O, "<>1") -> 0 | AE4: 4a O 73/14 | AF4: Yes | AG4: 2000000 | AH4: 2000000 | AI4: =IF(AG4=AH4,AG4,((AG4+AH4)/2)) -> 2000000 | AJ4: =IF(AND(AI4<1000000,AI4<>""),"<1M",IF(AND(AI4>=1000000,AI4<=2500000),"1-2.5M",IF(AND(AI4>=4000000,AI4<=5000000),"4-5M",IF(AND(AI4>=10000000,AI4<=19000000),"10-19M",IF(AI4>=20000000,">20M",""))))) -> 1-2.5M | AL4: 4-5M | AM4: =COUNTIFS($AJ$2:$AJ$18,$AL4,$AF$2:$AF$18,"Yes") -> 1 | AN4: =COUNTIFS($AJ$2:$AJ$18,$AL4,$AF$2:$AF$18,"No") -> 3
B5: =SUM(B2:B4) -> 27 | C5: =SUM(C2:C4) -> 17 | D5: =SUM(D2:D4) -> 1 | E5: =SUM(B5:D5) -> 45 | I5: 2017 | J5: 1 | K5: 8 | Q5: =SUM(Q2:Q4) -> 10 | R5: =SUM(R2:R4) -> 35 | S5: =SUM(Q5:R5) -> 45 | X5: =SUM(X2:X4) -> 19 | Y5: =SUM(Y2:Y4) -> 15 | Z5: =SUM(Z2:Z4) -> 1 | AA5: =SUM(X5:Z5) -> 35 | AE5: 4a O 16/16 | AF5: No | AG5: 1000000 | AH5: 1000000 | AI5: =IF(AG5=AH5,AG5,((AG5+AH5)/2)) -> 1000000 | AJ5: =IF(AND(AI5<1000000,AI5<>""),"<1M",IF(AND(AI5>=1000000,AI5<=2500000),"1-2.5M",IF(AND(AI5>=4000000,AI5<=5000000),"4-5M",IF(AND(AI5>=10000000,AI5<=19000000),"10-19M",IF(AI5>=20000000,">20M",""))))) -> 1-2.5M | AL5: 10-19M | AM5: =COUNTIFS($AJ$2:$AJ$18,$AL5,$AF$2:$AF$18,"Yes") -> 1 | AN5: =COUNTIFS($AJ$2:$AJ$18,$AL5,$AF$2:$AF$18,"No") -> 0
I6: 2018 | J6: 0 | K6: 8 | AE6: 4a O 35/16 | AF6: No | AG6: 1000000 | AH6: 1000000 | AI6: =IF(AG6=AH6,AG6,((AG6+AH6)/2)) -> 1000000 | AJ6: =IF(AND(AI6<1000000,AI6<>""),"<1M",IF(AND(AI6>=1000000,AI6<=2500000),"1-2.5M",IF(AND(AI6>=4000000,AI6<=5000000),"4-5M",IF(AND(AI6>=10000000,AI6<=19000000),"10-19M",IF(AI6>=20000000,">20M",""))))) -> 1-2.5M | AL6: >20M | AM6: =COUNTIFS($AJ$2:$AJ$18,$AL6,$AF$2:$AF$18,"Yes") -> 1 | AN6: 0
I7: 2019 | J7: 0 | K7: 2 | AE7: 4c O 72/17 | AF7: No | AG7: 4000000 | AH7: 4000000 | AI7: =IF(AG7=AH7,AG7,((AG7+AH7)/2)) -> 4000000 | AJ7: =IF(AND(AI7<1000000,AI7<>""),"<1M",IF(AND(AI7>=1000000,AI7<=2500000),"1-2.5M",IF(AND(AI7>=4000000,AI7<=5000000),"4-5M",IF(AND(AI7>=10000000,AI7<=19000000),"10-19M",IF(AI7>=20000000,">20M",""))))) -> 4-5M
I8: 2020 | J8: 0 | K8: 7 | AE8: 4c O 77/17 | AF8: No | AG8: 4000000 | AH8: 4000000 | AI8: =IF(AG8=AH8,AG8,((AG8+AH8)/2)) -> 4000000 | AJ8: =IF(AND(AI8<1000000,AI8<>""),"<1M",IF(AND(AI8>=1000000,AI8<=2500000),"1-2.5M",IF(AND(AI8>=4000000,AI8<=5000000),"4-5M",IF(AND(AI8>=10000000,AI8<=19000000),"10-19M",IF(AI8>=20000000,">20M",""))))) -> 4-5M
I9: 2021 | J9: 0 | K9: 2 | AE9: 4a O 15/17 | AF9: Yes | AG9: 2500000 | AH9: 2500000 | AI9: =IF(AG9=AH9,AG9,((AG9+AH9)/2)) -> 2500000 | AJ9: =IF(AND(AI9<1000000,AI9<>""),"<1M",IF(AND(AI9>=1000000,AI9<=2500000),"1-2.5M",IF(AND(AI9>=4000000,AI9<=5000000),"4-5M",IF(AND(AI9>=10000000,AI9<=19000000),"10-19M",IF(AI9>=20000000,">20M",""))))) -> 1-2.5M
I10: 2022 | J10: 0 | K10: 2 | AE10: 4c O 3/17 | AF10: Yes | AG10: 5000000 | AH10: 30000000 | AI10: =IF(AG10=AH10,AG10,((AG10+AH10)/2)) -> 17500000 | AJ10: =IF(AND(AI10<1000000,AI10<>""),"<1M",IF(AND(AI10>=1000000,AI10<=2500000),"1-2.5M",IF(AND(AI10>=4000000,AI10<=5000000),"4-5M",IF(AND(AI10>=10000000,AI10<=19000000),"10-19M",IF(AI10>=20000000,">20M",""))))) -> 10-19M
I11: 2023 | J11: 0 | K11: 2 | AE11: 4a O 17/17 | AF11: Yes | AG11: 5000000 | AH11: 5000000 | AI11: =IF(AG11=AH11,AG11,((AG11+AH11)/2)) -> 5000000 | AJ11: =IF(AND(AI11<1000000,AI11<>""),"<1M",IF(AND(AI11>=1000000,AI11<=2500000),"1-2.5M",IF(AND(AI11>=4000000,AI11<=5000000),"4-5M",IF(AND(AI11>=10000000,AI11<=19000000),"10-19M",IF(AI11>=20000000,">20M",""))))) -> 4-5M
J12: =SUM(J2:J11) -> 10 | K12: =SUM(K2:K11) -> 35 | L12: =SUM(J12:K12) -> 45 | AE12: 4c O 81/17 | AF12: No | AG12: 4000000 | AH12: 4000000 | AI12: =IF(AG12=AH12,AG12,((AG12+AH12)/2)) -> 4000000 | AJ12: =IF(AND(AI12<1000000,AI12<>""),"<1M",IF(AND(AI12>=1000000,AI12<=2500000),"1-2.5M",IF(AND(AI12>=4000000,AI12<=5000000),"4-5M",IF(AND(AI12>=10000000,AI12<=19000000),"10-19M",IF(AI12>=20000000,">20M",""))))) -> 4-5M
AE13: 4c O 12/17 | AF13: Yes | AG13: 10000000 | AH13: 30000000 | AI13: =IF(AG13=AH13,AG13,((AG13+AH13)/2)) -> 20000000 | AJ13: =IF(AND(AI13<1000000,AI13<>""),"<1M",IF(AND(AI13>=1000000,AI13<=2500000),"1-2.5M",IF(AND(AI13>=4000000,AI13<=5000000),"4-5M",IF(AND(AI13>=10000000,AI13<=19000000),"10-19M",IF(AI13>=20000000,">20M",""))))) -> >20M
AE14: 4c O 44/18 | AF14: Yes | AG14: 1000000 | AH14: 1000000 | AI14: =IF(AG14=AH14,AG14,((AG14+AH14)/2)) -> 1000000 | AJ14: =IF(AND(AI14<1000000,AI14<>""),"<1M",IF(AND(AI14>=1000000,AI14<=2500000),"1-2.5M",IF(AND(AI14>=4000000,AI14<=5000000),"4-5M",IF(AND(AI14>=10000000,AI14<=19000000),"10-19M",IF(AI14>=20000000,">20M",""))))) -> 1-2.5M
AE15: 4c O 56/18 | AF15: Yes | AG15: 1000000 | AH15: 1000000 | AI15: =IF(AG15=AH15,AG15,((AG15+AH15)/2)) -> 1000000 | AJ15: =IF(AND(AI15<1000000,AI15<>""),"<1M",IF(AND(AI15>=1000000,AI15<=2500000),"1-2.5M",IF(AND(AI15>=4000000,AI15<=5000000),"4-5M",IF(AND(AI15>=10000000,AI15<=19000000),"10-19M",IF(AI15>=20000000,">20M",""))))) -> 1-2.5M
AE16: 4c O 69/18 | AF16: Yes | AG16: 1000000 | AH16: 1000000 | AI16: =IF(AG16=AH16,AG16,((AG16+AH16)/2)) -> 1000000 | AJ16: =IF(AND(AI16<1000000,AI16<>""),"<1M",IF(AND(AI16>=1000000,AI16<=2500000),"1-2.5M",IF(AND(AI16>=4000000,AI16<=5000000),"4-5M",IF(AND(AI16>=10000000,AI16<=19000000),"10-19M",IF(AI16>=20000000,">20M",""))))) -> 1-2.5M
AE17: 4a O 27/16 | AF17: No | AG17: 250000 | AH17: 1000000 | AI17: =IF(AG17=AH17,AG17,((AG17+AH17)/2)) -> 625000 | AJ17: =IF(AND(AI17<1000000,AI17<>""),"<1M",IF(AND(AI17>=1000000,AI17<=2500000),"1-2.5M",IF(AND(AI17>=4000000,AI17<=5000000),"4-5M",IF(AND(AI17>=10000000,AI17<=19000000),"10-19M",IF(AI17>=20000000,">20M",""))))) -> <1M
AE18: 4a O 154/15 | AF18: No | AG18: 250000 | AH18: 1000000 | AI18: =IF(AG18=AH18,AG18,((AG18+AH18)/2)) -> 625000 | AJ18: =IF(AND(AI18<1000000,AI18<>""),"<1M",IF(AND(AI18>=1000000,AI18<=2500000),"1-2.5M",IF(AND(AI18>=4000000,AI18<=5000000),"4-5M",IF(AND(AI18>=10000000,AI18<=19000000),"10-19M",IF(AI18>=20000000,">20M",""))))) -> <1M
A33: NOT USED
A34: Aktenzeichen | B34: Landgericht | C34: Verfügbar | D34: Die Beklagte wird verurteilt zu unterlassen | E34: Entscheidung (Untrelassung) | F34: Kather Augenstein | G34: Link DE | H34: Link EN | I34: Darts-IP | J34: eJustiz | K34: Link | L34: Zugehörigen Aktenzeichen | M34: Klage auf Unterlassung | N34: Urteil | O34: Prehuawei | P34: AASI | Q34: Streitwert | S34: First contact | T34: Date of complaint | U34: First notice of infringement (first contact?) | V34: First licensing offer | W34: Date of decision | X34: Dominant position | Y34: Abuse of dominant position | Z34: Notice of Infringement | AA34: Willingness to license | AB34: FRAND offer | AC34: Formal | AD34: Substantially | AE34: Pool | AF34: Worldwide | AG34: Further proceedings | AH34: OLG Appeal | AI34: Result of the appeal | AJ34: OLG First instance | AK34: Result of the f.instance | AL34: Bundesgerichtshof | AM34: Result of the Judicial Review | AN34: Patent Validity Proceedings | AO34: Result of the Patent Validity | AP34: Aktenzeichen Bundespatetgerichts | AQ34: Entscheidungsdatum | AR34: Beschwerdesdatum | AS34: Link | AT34: Patents | AU34: Espacenet
A35: 4c O 24/19 | B35: Duesseldorf | C35: Yes* | D35: Yes? | E35: Yes? | F35: Yes | G35: https://www.katheraugenstein.com/app/uploads/2019-04-24-4c-O-24_19-DE.pdf | H35: https://www.katheraugenstein.com/app/uploads/2019-04-24-4c-O-24_19-EN.pdf | I35: Yes | J35: No | K35: - | L35: - | M35: ? | N35: 24.04.2019 | Q35: 1000000 | S35: ? | V35: ? | W35: 24.04.2019 | X35: ? | Y35: ? | Z35: ? | AA35: ? | AB35: ? | AC35: ? | AD35: ? | AE35: ? | AF35: ? | AG35: No | AH35: No | AI35: - | AJ35: No | AK35: - | AL35: No | AM35: - | AN35: ? | AO35: ? | AP35: ? | AQ35: ? | AR35: ? | AS35: ? | AT35: ?
A36: 7 O 8818/19 | B36: Munich | C36: Yes | D36: Yes | E36: Yes | F36: Yes | G36: https://www.katheraugenstein.com:443/app/uploads/2020-09-10-LG-Muenchen-7-O-8818_19-DE.pdf | H36: https://www.katheraugenstein.com:443/app/uploads/2020-09-10-LG-Muenchen-7-O-8818_19-EN.pdf | I36: Yes | J36: Yes | K36: https://www.gesetze-bayern.de/Content/Document/Y-300-Z-GRURRS-B-2020-N-22577?hl=true | L36: - | M36: 15.11.2019 | N36: 10.09.2020 | Q36: - | S36: 2016 | T36: 28.06.2019 | U36: 28.06.2019 | V36: 08.09.2016 | W36: 10.09.2020 | X36: Yes | Y36: No | Z36: Yes | AA36: No | AB36: Yes? | AC36: Yes? | AD36: Yes? | AE36: Yes | AF36: Yes? | AG36: No | AH36: No | AI36: - | AJ36: No | AK36: - | AL36: No | AM36: - | AN36: No | AO36: - | AP36: - | AQ36: - | AR36: - | AS36: - | AT36: EP13003937(A), EP2667676(B1)
A37: 2 O 229/15 | B37: Mannheim | C37: Yes! | D37: Yes | E37: Yes | F37: No | G37: - | H37: - | I37: Yes | J37: No | K37: - | L37: - | M37: 09.11.2015 | N37: 25.10.2016 | Q37: - | S37: ? | T37: 09.11.2015 | U37: 09.11.2015 | V37: ? | W37: 25.10.2016 | X37: ? | Y37: ? | Z37: ? | AA37: ? | AB37: ? | AC37: ? | AD37: ? | AE37: ? | AF37: ? | AG37: No | AH37: No | AI37: - | AJ37: No | AK37: - | AL37: No | AM37: - | AN37: Yes | AO37: Invalid for Germany | AP37: 2 Ni 28/16 (EP) | AQ37: 26.07.2017 | AR37: ? | AS37: http://juris.bundespatentgericht.de/cgi-bin/rechtsprechung/document.py?Gericht=bpatg&Art=en&sid=bbaa34385701eb9b0de4e1625a453b0b&nr=29412&pos=0&anz=1&Blank=1.pdf | AT37: EP97909543(A), EP0888687
A38: 7 O 98/16 | B38: Mannheim | C38: Yes! | D38: Yes | E38: Yes | F38: No | G38: - | H38: - | I38: Yes | J38: No | K38: - | L38: - | M38: 23.05.2016 | N38: 17.03.2017 | Q38: - | S38: ? | T38: 23.05.2016 | U38: 23.05.2016 | V38: ? | W38: 17.03.2017 | X38: ? | Y38: ? | Z38: ? | AA38: ? | AB38: ? | AC38: ? | AD38: ? | AE38: ? | AF38: ? | AG38: Yes | AH38: Yes | AI38: Upheld? | AJ38: No | AK38: - | AL38: No | AM38: - | AN38: No | AO38: - | AP38: - | AQ38: - | AR38: - | AS38: - | AT38: EP00931376(A), EP1186034(B1)

Sheet Lag graphs
A1: Aktenzeichen | B1: Date of decision | C1: Date of complaint | D1: First contact | E1: First licensing offer | F1: Prehuawei | G1: Injunction | I1: Decision | J1: Complaint | K1: Contact | L1: Offer | N1: Complaint-Decision lag | O1: Contact-Complaint lag | R1: Offer-Complaint lag | V1: Yes | W1: No | X1: n./a. | AC1: Yes | AD1: No | AE1: n./a. | AJ1: Yes | AK1: No | AL1: n./a.
A2: =Sheet4!A2 -> 4a O 144/14 | B2: =Sheet4!N2 -> 03.11.2015 | C2: =Sheet4!U2 -> 18.12.2014 | D2: =Sheet4!S2 -> 20.12.2012 | E2: =Sheet4!W2 -> 20.12.2012 | F2: =Sheet4!O2 -> 1 | G2: =Sheet4!E2 -> Yes | I2: =DATE(VALUE(RIGHT(B2,4)), VALUE(MID(B2,4,2)), VALUE(LEFT(B2,2))) -> 42311 | J2: =DATE(VALUE(RIGHT(C2,4)), VALUE(MID(C2,4,2)), VALUE(LEFT(C2,2))) -> 41991 | K2: =DATE(VALUE(RIGHT(D2,4)), VALUE(MID(D2,4,2)), VALUE(LEFT(D2,2))) -> 41263 | L2: =DATE(VALUE(RIGHT(E2,4)), VALUE(MID(E2,4,2)), VALUE(LEFT(E2,2))) -> 41263 | N2: =I2-J2 -> 320 | O2: =J2-K2 -> 728 | P2: =O2>=1825 -> FALSE | Q2: =O2<=365 -> FALSE | R2: =J2-L2 -> 728 | U2: Less than 1 year | V2: =COUNTIFS($G$2:$G$46, "Yes", $N$2:$N$46, "<365", $F$2:$F$46, "<>1") -> 3 | W2: =COUNTIFS($G$2:$G$46, "No", $N$2:$N$46, "<365", $F$2:$F$46, "<>1") -> 4 | X2: =COUNTIFS($G$2:$G$46, "n./a.", $N$2:$N$46, "<365", $F$2:$F$46, "<>1") -> 0 | AB2: Less than 1 year | AC2: =COUNTIFS($G$2:$G$46, "Yes", $O$2:$O$46, "<365", $F$2:$F$46, "<>1") -> 1 | AD2: =COUNTIFS($G$2:$G$46, "No", $O$2:$O$46, "<365", $F$2:$F$46, "<>1") -> 0 | AE2: =COUNTIFS($G$2:$G$46, "n./a.", $O$2:$O$46, "<365", $F$2:$F$46, "<>1") -> 0 | AI2: Less than 1 year | AJ2: =COUNTIFS($G$2:$G$46, "Yes", $R$2:$R$46, "<365", $F$2:$F$46, "<>1") -> 6 | AK2: =COUNTIFS($G$2:$G$46, "No", $R$2:$R$46, "<365", $F$2:$F$46, "<>1") -> 3 | AL2: =COUNTIFS($G$2:$G$46, "n./a.", $R$2:$R$46, "<365", $F$2:$F$46, "<>1") -> 0
A3: =Sheet4!A3 -> 4a O 126/14 | B3: =Sheet4!N3 -> 31.03.2016 | C3: =Sheet4!U3 -> 12.11.2014 | D3: =Sheet4!S3 -> 31.07.2014 | E3: =Sheet4!W3 -> 22.04.2015 | F3: =Sheet4!O3 -> 1 | G3: =Sheet4!E3 -> Yes | I3: =DATE(VALUE(RIGHT(B3,4)), VALUE(MID(B3,4,2)), VALUE(LEFT(B3,2))) -> 42460 | J3: =DATE(VALUE(RIGHT(C3,4)), VALUE(MID(C3,4,2)), VALUE(LEFT(C3,2))) -> 41955 | K3: =DATE(VALUE(RIGHT(D3,4)), VALUE(MID(D3,4,2)), VALUE(LEFT(D3,2))) -> 41851 | L3: =DATE(VALUE(RIGHT(E3,4)), VALUE(MID(E3,4,2)), VALUE(LEFT(E3,2))) -> 42116 | N3: =I3-J3 -> 505 | O3: =J3-K3 -> 104 | P3: =O3>=1825 -> FALSE | Q3: =O3<=365 -> TRUE | R3: =J3-L3 -> -161 | U3: 1 to 2 years | V3: =COUNTIFS($G$2:$G$46, "Yes", $N$2:$N$46, ">=365", $N$2:$N$46, "<730", $F$2:$F$46, "<>1") -> 10 | W3: =COUNTIFS($G$2:$G$46, "No", $N$2:$N$46, ">=365", $N$2:$N$46, "<730", $F$2:$F$46, "<>1") -> 9 | X3: =COUNTIFS($G$2:$G$46, "n./a.", $N$2:$N$46, ">=365", $N$2:$N$46, "<730", $F$2:$F$46, "<>1") -> 1 | AB3: 1 to 2 years | AC3: =COUNTIFS($G$2:$G$46, "Yes", $O$2:$O$46, ">=365", $O$2:$O$46, "<730", $F$2:$F$46, "<>1") -> 4 | AD3: =COUNTIFS($G$2:$G$46, "No", $O$2:$O$46, ">=365", $O$2:$O$46, "<730", $F$2:$F$46, "<>1") -> 6 | AE3: =COUNTIFS($G$2:$G$46, "n./a.", $O$2:$O$46, ">=365", $O$2:$O$46, "<730", $F$2:$F$46, "<>1") -> 0 | AI3: 1 to 2 years | AJ3: =COUNTIFS($G$2:$G$46, "Yes", $R$2:$R$46, ">=365", $R$2:$R$46, "<730", $F$2:$F$46, "<>1") -> 1 | AK3: =COUNTIFS($G$2:$G$46, "No", $R$2:$R$46, ">=365", $R$2:$R$46, "<730", $F$2:$F$46, "<>1") -> 5 | AL3: =COUNTIFS($G$2:$G$46, "n./a.", $R$2:$R$46, ">=365", $R$2:$R$46, "<730", $F$2:$F$46, "<>1") -> 0
A4: =Sheet4!A4 -> 4a O 73/14 | B4: =Sheet4!N4 -> 31.03.2016 | C4: =Sheet4!U4 -> 23.07.2014 | D4: =Sheet4!S4 -> 31.07.2014 | E4: =Sheet4!W4 -> 22.04.2015 | F4: =Sheet4!O4 -> 1 | G4: =Sheet4!E4 -> Yes | I4: =DATE(VALUE(RIGHT(B4,4)), VALUE(MID(B4,4,2)), VALUE(LEFT(B4,2))) -> 42460 | J4: =DATE(VALUE(RIGHT(C4,4)), VALUE(MID(C4,4,2)), VALUE(LEFT(C4,2))) -> 41843 | K4: =DATE(VALUE(RIGHT(D4,4)), VALUE(MID(D4,4,2)), VALUE(LEFT(D4,2))) -> 41851 | L4: =DATE(VALUE(RIGHT(E4,4)), VALUE(MID(E4,4,2)), VALUE(LEFT(E4,2))) -> 42116 | N4: =I4-J4 -> 617 | O4: =J4-K4 -> -8 | P4: =O4>=1825 -> FALSE | Q4: =O4<=365 -> TRUE | R4: =J4-L4 -> -273 | U4: 2 to 3 years | V4: =COUNTIFS($G$2:$G$46, "Yes", $N$2:$N$46, ">=730", $N$2:$N$46, "<1095", $F$2:$F$46, "<>1") -> 0 | W4: =COUNTIFS($G$2:$G$46, "No", $N$2:$N$46, ">=730", $N$2:$N$46, "<1095", $F$2:$F$46, "<>1") -> 1 | X4: =COUNTIFS($G$2:$G$46, "n./a.", $N$2:$N$46, ">=730", $N$2:$N$46, "<1095", $F$2:$F$46, "<>1") -> 0 | AB4: 2 to 3 years | AC4: =COUNTIFS($G$2:$G$46, "Yes", $O$2:$O$46, ">=730", $O$2:$O$46, "<1095") -> 1 | AD4: =COUNTIFS($G$2:$G$46, "No", $O$2:$O$46, ">=730", $O$2:$O$46, "<1095", $F$2:$F$46, "<>1") -> 2 | AE4: =COUNTIFS($G$2:$G$46, "n./a.", $O$2:$O$46, ">=730", $O$2:$O$46, "<1095", $F$2:$F$46, "<>1") -> 0 | AI4: 2 to 3 years | AJ4: =COUNTIFS($G$2:$G$46, "Yes", $R$2:$R$46, ">=730", $R$2:$R$46, "<1095", $F$2:$F$46, "<>1") -> 2 | AK4: =COUNTIFS($G$2:$G$46, "No", $R$2:$R$46, ">=730", $R$2:$R$46, "<1095", $F$2:$F$46, "<>1") -> 2 | AL4: =COUNTIFS($G$2:$G$46, "n./a.", $R$2:$R$46, ">=730", $R$2:$R$46, "<1095", $F$2:$F$46, "<>1") -> 1
A5: =Sheet4!A5 -> 4a O 16/16 | B5: =Sheet4!N5 -> 13.07.2017 | C5: =Sheet4!U5 -> 18.02.2016 | D5: =Sheet4!S5 -> 04.12.2012 | E5: =Sheet4!W5 -> 04.12.2012 | F5: =Sheet4!O5 -> 0 | G5: =Sheet4!E5 -> No | I5: =DATE(VALUE(RIGHT(B5,4)), VALUE(MID(B5,4,2)), VALUE(LEFT(B5,2))) -> 42929 | J5: =DATE(VALUE(RIGHT(C5,4)), VALUE(MID(C5,4,2)), VALUE(LEFT(C5,2))) -> 42418 | K5: =DATE(VALUE(RIGHT(D5,4)), VALUE(MID(D5,4,2)), VALUE(LEFT(D5,2))) -> 41247 | L5: =DATE(VALUE(RIGHT(E5,4)), VALUE(MID(E5,4,2)), VALUE(LEFT(E5,2))) -> 41247 | N5: =I5-J5 -> 511 | O5: =J5-K5 -> 1171 | P5: =O5>=1825 -> FALSE | Q5: =O5<=365 -> FALSE | R5: =J5-L5 -> 1171 | U5: 3 to 5 years | V5: =COUNTIFS($G$2:$G$46, "Yes", $N$2:$N$46, ">=1095", $N$2:$N$46, "<1825", $F$2:$F$46, "<>1") -> 1 | W5: =COUNTIFS($G$2:$G$46, "No", $N$2:$N$46, ">=1095", $N$2:$N$46, "<1825", $F$2:$F$46, "<>1") -> 0 | X5: =COUNTIFS($G$2:$G$46, "n./a.", $N$2:$N$46, ">=1095", $N$2:$N$46, "<1825", $F$2:$F$46, "<>1") -> 0 | AB5: 3 to 5 years | AC5: =COUNTIFS($G$2:$G$46, "Yes", $O$2:$O$46, ">=1095", $O$2:$O$46, "<1825", $F$2:$F$46, "<>1") -> 1 | AD5: =COUNTIFS($G$2:$G$46, "No", $O$2:$O$46, ">=1095", $O$2:$O$46, "<1825", $F$2:$F$46, "<>1") -> 4 | AE5: =COUNTIFS($G$2:$G$46, "n./a.", $O$2:$O$46, ">=1095", $O$2:$O$46, "<1825", $F$2:$F$46, "<>1") -> 1 | AF5: POTENTIAL PROBLEM WITH | AI5: 3 to 5 years | AJ5: =COUNTIFS($G$2:$G$46, "Yes", $R$2:$R$46, ">=1095", $R$2:$R$46, "<1825", $F$2:$F$46, "<>1") -> 0 | AK5: =COUNTIFS($G$2:$G$46, "No", $R$2:$R$46, ">=1095", $R$2:$R$46, "<1825", $F$2:$F$46, "<>1") -> 3 | AL5: =COUNTIFS($G$2:$G$46, "n./a.", $R$2:$R$46, ">=1095", $R$2:$R$46, "<1825", $F$2:$F$46, "<>1") -> 0 | AM5: POTENTIAL PROBLEM WITH
A6: =Sheet4!A6 -> 4a O 35/16 | B6: =Sheet4!N6 -> 13.07.2017 | C6: =Sheet4!U6 -> 09.04.2016 | D6: =Sheet4!S6 -> 04.12.2012 | E6: =Sheet4!W6 -> 04.12.2012 | F6: =Sheet4!O6 -> 0 | G6: =Sheet4!E6 -> No | I6: =DATE(VALUE(RIGHT(B6,4)), VALUE(MID(B6,4,2)), VALUE(LEFT(B6,2))) -> 42929 | J6: =DATE(VALUE(RIGHT(C6,4)), VALUE(MID(C6,4,2)), VALUE(LEFT(C6,2))) -> 42469 | K6: =DATE(VALUE(RIGHT(D6,4)), VALUE(MID(D6,4,2)), VALUE(LEFT(D6,2))) -> 41247 | L6: =DATE(VALUE(RIGHT(E6,4)), VALUE(MID(E6,4,2)), VALUE(LEFT(E6,2))) -> 41247 | N6: =I6-J6 -> 460 | O6: =J6-K6 -> 1222 | P6: =O6>=1825 -> FALSE | Q6: =O6<=365 -> FALSE | R6: =J6-L6 -> 1222 | U6: More than 5 years | V6: =COUNTIFS($G$2:$G$46, "Yes", $N$2:$N$46, ">=1825") -> 0 | W6: =COUNTIFS($G$2:$G$46, "No", $N$2:$N$46, ">=1825") -> 0 | X6: =COUNTIFS($G$2:$G$46, "n./a.", $N$2:$N$46, ">=1825") -> 0 | AB6: More than 5 years | AC6: =COUNTIFS($G$2:$G$46, "Yes", $O$2:$O$46, ">=1825", $F$2:$F$46, "<>1") -> 4 | AD6: =COUNTIFS($G$2:$G$46, "No", $O$2:$O$46, ">=1825", $F$2:$F$46, "<>1") -> 1 | AE6: =COUNTIFS($G$2:$G$46, "n./a.", $O$2:$O$46, ">=1825", $F$2:$F$46, "<>1") -> 0 | AF6: NEGATIVE DATES | AG6: there are only 5 cases with more than 5 years | AI6: More than 5 years | AJ6: =COUNTIFS($G$2:$G$46, "Yes", $R$2:$R$46, ">=1825", $F$2:$F$46, "<>1") -> 4 | AK6: =COUNTIFS($G$2:$G$46, "No", $R$2:$R$46, ">=1825", $F$2:$F$46, "<>1") -> 0 | AL6: =COUNTIFS($G$2:$G$46, "n./a.", $R$2:$R$46, ">=1825", $F$2:$F$46, "<>1") -> 0 | AM6: NEGATIVE DAYS
A7: =Sheet4!A7 -> 4c O 72/17 | B7: =Sheet4!N7 -> 11.07.2018 | C7: =Sheet4!U7 -> 25.08.2017 | D7: =Sheet4!S7 -> 25.03.2016 | E7: =Sheet4!W7 -> 25.03.2016 | F7: =Sheet4!O7 -> 0 | G7: =Sheet4!E7 -> No | I7: =DATE(VALUE(RIGHT(B7,4)), VALUE(MID(B7,4,2)), VALUE(LEFT(B7,2))) -> 43292 | J7: =DATE(VALUE(RIGHT(C7,4)), VALUE(MID(C7,4,2)), VALUE(LEFT(C7,2))) -> 42972 | K7: =DATE(VALUE(RIGHT(D7,4)), VALUE(MID(D7,4,2)), VALUE(LEFT(D7,2))) -> 42454 | L7: =DATE(VALUE(RIGHT(E7,4)), VALUE(MID(E7,4,2)), VALUE(LEFT(E7,2))) -> 42454 | N7: =I7-J7 -> 320 | O7: =J7-K7 -> 518 | P7: =O7>=1825 -> FALSE | Q7: =O7<=365 -> FALSE | R7: =J7-L7 -> 518 | V7: =SUM(V2:V6) -> 14 | W7: =SUM(W2:W6) -> 14 | X7: =SUM(X2:X6) -> 1 | Y7: =SUM(V7:X7) -> 29 | AC7: =SUM(AC2:AC6) -> 11 | AD7: =SUM(AD2:AD6) -> 13 | AE7: =SUM(AE2:AE6) -> 1 | AF7: =SUM(AC7:AE7) -> 25 | AJ7: =SUM(AJ2:AJ6) -> 13 | AK7: =SUM(AK2:AK6) -> 13 | AL7: =SUM(AL2:AL6) -> 1 | AM7: =SUM(AJ7:AL7) -> 27
A8: =Sheet4!A8 -> 4c O 77/17 | B8: =Sheet4!N8 -> 11.07.2018 | C8: =Sheet4!U8 -> 11.09.2017 | D8: =Sheet4!S8 -> 25.03.2016 | E8: =Sheet4!W8 -> 25.03.2016 | F8: =Sheet4!O8 -> 0 | G8: =Sheet4!E8 -> No | I8: =DATE(VALUE(RIGHT(B8,4)), VALUE(MID(B8,4,2)), VALUE(LEFT(B8,2))) -> 43292 | J8: =DATE(VALUE(RIGHT(C8,4)), VALUE(MID(C8,4,2)), VALUE(LEFT(C8,2))) -> 42989 | K8: =DATE(VALUE(RIGHT(D8,4)), VALUE(MID(D8,4,2)), VALUE(LEFT(D8,2))) -> 42454 | L8: =DATE(VALUE(RIGHT(E8,4)), VALUE(MID(E8,4,2)), VALUE(LEFT(E8,2))) -> 42454 | N8: =I8-J8 -> 303 | O8: =J8-K8 -> 535 | P8: =O8>=1825 -> FALSE | Q8: =O8<=365 -> FALSE | R8: =J8-L8 -> 535
A9: =Sheet4!A9 -> 4a O 15/17 | B9: =Sheet4!N9 -> 09.11.2018 | C9: =Sheet4!U9 -> 05.02.2017 | D9: =Sheet4!S9 -> 08.09.2011 | E9: =Sheet4!W9 -> 08.09.2011 | F9: =Sheet4!O9 -> 0 | G9: =Sheet4!E9 -> Yes | I9: =DATE(VALUE(RIGHT(B9,4)), VALUE(MID(B9,4,2)), VALUE(LEFT(B9,2))) -> 43413 | J9: =DATE(VALUE(RIGHT(C9,4)), VALUE(MID(C9,4,2)), VALUE(LEFT(C9,2))) -> 42771 | K9: =DATE(VALUE(RIGHT(D9,4)), VALUE(MID(D9,4,2)), VALUE(LEFT(D9,2))) -> 40794 | L9: =DATE(VALUE(RIGHT(E9,4)), VALUE(MID(E9,4,2)), VALUE(LEFT(E9,2))) -> 40794 | N9: =I9-J9 -> 642 | O9: =J9-K9 -> 1977 | P9: 1 | Q9: =O9<=365 -> FALSE | R9: =J9-L9 -> 1977
A10: =Sheet4!A10 -> 4c O 3/17 | B10: =Sheet4!N10 -> 21.12.2018 | C10: =Sheet4!U10 -> 11.01.2017 | D10: =Sheet4!S10 -> 03.11.2008 | E10: =Sheet4!W10 -> 06.09.2011 | F10: =Sheet4!O10 -> 0 | G10: =Sheet4!E10 -> Yes | I10: =DATE(VALUE(RIGHT(B10,4)), VALUE(MID(B10,4,2)), VALUE(LEFT(B10,2))) -> 43455 | J10: =DATE(VALUE(RIGHT(C10,4)), VALUE(MID(C10,4,2)), VALUE(LEFT(C10,2))) -> 42746 | K10: =DATE(VALUE(RIGHT(D10,4)), VALUE(MID(D10,4,2)), VALUE(LEFT(D10,2))) -> 39755 | L10: =DATE(VALUE(RIGHT(E10,4)), VALUE(MID(E10,4,2)), VALUE(LEFT(E10,2))) -> 40792 | N10: =I10-J10 -> 709 | O10: =J10-K10 -> 2991 | P10: 1 | Q10: =O10<=365 -> FALSE | R10: =J10-L10 -> 1954
A11: =Sheet4!A11 -> 4a O 17/17 | B11: =Sheet4!N11 -> 09.11.2018 | C11: =Sheet4!U11 -> 10.02.2017 | D11: =Sheet4!S11 -> 06.09.2011 | E11: =Sheet4!W11 -> 06.09.2011 | F11: =Sheet4!O11 -> 0 | G11: =Sheet4!E11 -> Yes | I11: =DATE(VALUE(RIGHT(B11,4)), VALUE(MID(B11,4,2)), VALUE(LEFT(B11,2))) -> 43413 | J11: =DATE(VALUE(RIGHT(C11,4)), VALUE(MID(C11,4,2)), VALUE(LEFT(C11,2))) -> 42776 | K11: =DATE(VALUE(RIGHT(D11,4)), VALUE(MID(D11,4,2)), VALUE(LEFT(D11,2))) -> 40792 | L11: =DATE(VALUE(RIGHT(E11,4)), VALUE(MID(E11,4,2)), VALUE(LEFT(E11,2))) -> 40792 | N11: =I11-J11 -> 637 | O11: =J11-K11 -> 1984 | P11: 1 | Q11: =O11<=365 -> FALSE | R11: =J11-L11 -> 1984
A12: =Sheet4!A12 -> 4c O 81/17 | B12: =Sheet4!N12 -> 11.07.2018 | C12: =Sheet4!U12 -> 24.09.2017 | D12: =Sheet4!S12 -> 06.10.2015 | E12: =Sheet4!W12 -> 27.01.2016 | F12: =Sheet4!O12 -> 0 | G12: =Sheet4!E12 -> No | I12: =DATE(VALUE(RIGHT(B12,4)), VALUE(MID(B12,4,2)), VALUE(LEFT(B12,2))) -> 43292 | J12: =DATE(VALUE(RIGHT(C12,4)), VALUE(MID(C12,4,2)), VALUE(LEFT(C12,2))) -> 43002 | K12: =DATE(VALUE(RIGHT(D12,4)), VALUE(MID(D12,4,2)), VALUE(LEFT(D12,2))) -> 42283 | L12: =DATE(VALUE(RIGHT(E12,4)), VALUE(MID(E12,4,2)), VALUE(LEFT(E12,2))) -> 42396 | N12: =I12-J12 -> 290 | O12: =J12-K12 -> 719 | P12: =O12>=1825 -> FALSE | Q12: =O12<=365 -> FALSE | R12: =J12-L12 -> 606
A13: =Sheet4!A13 -> 4c O 12/17 | B13: =Sheet4!N13 -> 08.01.2019 | C13: =Sheet4!U13 -> 10.02.2017 | D13: =Sheet4!S13 -> 06.09.2011 | E13: =Sheet4!W13 -> 06.09.2011 | F13: =Sheet4!O13 -> 0 | G13: =Sheet4!E13 -> Yes | I13: =DATE(VALUE(RIGHT(B13,4)), VALUE(MID(B13,4,2)), VALUE(LEFT(B13,2))) -> 43473 | J13: =DATE(VALUE(RIGHT(C13,4)), VALUE(MID(C13,4,2)), VALUE(LEFT(C13,2))) -> 42776 | K13: =DATE(VALUE(RIGHT(D13,4)), VALUE(MID(D13,4,2)), VALUE(LEFT(D13,2))) -> 40792 | L13: =DATE(VALUE(RIGHT(E13,4)), VALUE(MID(E13,4,2)), VALUE(LEFT(E13,2))) -> 40792 | N13: =I13-J13 -> 697 | O13: =J13-K13 -> 1984 | P13: 1 | Q13: =O13<=365 -> FALSE | R13: =J13-L13 -> 1984
A14: =Sheet4!A14 -> 4c O 44/18 | B14: =Sheet4!N14 -> 07.05.2020 | C14: =Sheet4!U14 -> 0 | D14: =Sheet4!S14 -> ? | E14: =Sheet4!W14 -> 11.07.2018 | F14: =Sheet4!O14 -> 0 | G14: =Sheet4!E14 -> Yes | I14: =DATE(VALUE(RIGHT(B14,4)), VALUE(MID(B14,4,2)), VALUE(LEFT(B14,2))) -> 43958 | J14: =DATE(VALUE(RIGHT(C14,4)), VALUE(MID(C14,4,2)), VALUE(LEFT(C14,2))) -> #VALUE! | K14: =DATE(VALUE(RIGHT(D14,4)), VALUE(MID(D14,4,2)), VALUE(LEFT(D14,2))) -> #VALUE! | L14: =DATE(VALUE(RIGHT(E14,4)), VALUE(MID(E14,4,2)), VALUE(LEFT(E14,2))) -> 43292 | N14: =I14-J14 -> #VALUE! | O14: =J14-K14 -> #VALUE! | P14: =O14>=1825 -> #VALUE! | Q14: =O14<=365 -> #VALUE! | R14: =J14-L14 -> #VALUE!
A15: =Sheet4!A15 -> 4c O 56/18 | B15: =Sheet4!N15 -> 07.05.2020 | C15: =Sheet4!U15 -> 24.09.2018 | D15: =Sheet4!S15 -> ? | E15: =Sheet4!W15 -> 03.09.2018 | F15: =Sheet4!O15 -> 0 | G15: =Sheet4!E15 -> Yes | I15: =DATE(VALUE(RIGHT(B15,4)), VALUE(MID(B15,4,2)), VALUE(LEFT(B15,2))) -> 43958 | J15: =DATE(VALUE(RIGHT(C15,4)), VALUE(MID(C15,4,2)), VALUE(LEFT(C15,2))) -> 43367 | K15: =DATE(VALUE(RIGHT(D15,4)), VALUE(MID(D15,4,2)), VALUE(LEFT(D15,2))) -> #VALUE! | L15: =DATE(VALUE(RIGHT(E15,4)), VALUE(MID(E15,4,2)), VALUE(LEFT(E15,2))) -> 43346 | N15: =I15-J15 -> 591 | O15: =J15-K15 -> #VALUE! | P15: =O15>=1825 -> #VALUE! | Q15: =O15<=365 -> #VALUE! | R15: =J15-L15 -> 21 | S15: first contact by pool administrator much earlier (even though date is XXX); that is the contact that was deemed sufficient
A16: =Sheet4!A16 -> 4c O 69/18 | B16: =Sheet4!N16 -> 07.05.2020 | C16: =Sheet4!U16 -> 22.11.2018 | D16: =Sheet4!S16 -> ? | E16: =Sheet4!W16 -> 07.11.2017 | F16: =Sheet4!O16 -> 0 | G16: =Sheet4!E16 -> Yes | I16: =DATE(VALUE(RIGHT(B16,4)), VALUE(MID(B16,4,2)), VALUE(LEFT(B16,2))) -> 43958 | J16: =DATE(VALUE(RIGHT(C16,4)), VALUE(MID(C16,4,2)), VALUE(LEFT(C16,2))) -> 43426 | K16: =DATE(VALUE(RIGHT(D16,4)), VALUE(MID(D16,4,2)), VALUE(LEFT(D16,2))) -> #VALUE! | L16: =DATE(VALUE(RIGHT(E16,4)), VALUE(MID(E16,4,2)), VALUE(LEFT(E16,2))) -> 43046 | N16: =I16-J16 -> 532 | O16: =J16-K16 -> #VALUE! | P16: =O16>=1825 -> #VALUE! | Q16: =O16<=365 -> #VALUE! | R16: =J16-L16 -> 380 | S16: first contact by pool administrator much earlier (even though date is XXX); that is the contact that was deemed sufficient; licensing offer was made at 7. November 2017. I would suggest that date of first contact is unknown here (reflecing the xxx)
A17: =Sheet4!A17 -> 4c O 17/19 | B17: =Sheet4!N17 -> 26.11.2020 | C17: =Sheet4!U17 -> 21.03.2019 | D17: =Sheet4!S17 -> 01.03.2016 | E17: =Sheet4!W17 -> 09.11.2016 | F17: =Sheet4!O17 -> 0 | G17: =Sheet4!E17 -> n./a. | I17: =DATE(VALUE(RIGHT(B17,4)), VALUE(MID(B17,4,2)), VALUE(LEFT(B17,2))) -> 44161 | J17: =DATE(VALUE(RIGHT(C17,4)), VALUE(MID(C17,4,2)), VALUE(LEFT(C17,2))) -> 43545 | K17: =DATE(VALUE(RIGHT(D17,4)), VALUE(MID(D17,4,2)), VALUE(LEFT(D17,2))) -> 42430 | L17: =DATE(VALUE(RIGHT(E17,4)), VALUE(MID(E17,4,2)), VALUE(LEFT(E17,2))) -> 42683 | N17: =I17-J17 -> 616 | O17: =J17-K17 -> 1115 | P17: =O17>=1825 -> FALSE | Q17: =O17<=365 -> FALSE | R17: =J17-L17 -> 862
A18: =Sheet4!A18 -> 7 O 96/14 | B18: =Sheet4!N18 -> 08.01.2016 | C18: =Sheet4!U18 -> 22.06.2014 | D18: =Sheet4!S18 -> 2013 | E18: =Sheet4!W18 -> 2013 | F18: =Sheet4!O18 -> 1 | G18: =Sheet4!E18 -> Yes | I18: =DATE(VALUE(RIGHT(B18,4)), VALUE(MID(B18,4,2)), VALUE(LEFT(B18,2))) -> 42377 | J18: =DATE(VALUE(RIGHT(C18,4)), VALUE(MID(C18,4,2)), VALUE(LEFT(C18,2))) -> 41812 | K18: =DATE(VALUE(RIGHT(D18,4)), VALUE(MID(D18,4,2)), VALUE(LEFT(D18,2))) -> 41353 | L18: =DATE(VALUE(RIGHT(E18,4)), VALUE(MID(E18,4,2)), VALUE(LEFT(E18,2))) -> 41353 | N18: =I18-J18 -> 565 | O18: =J18-K18 -> 459 | P18: =O18>=1825 -> FALSE | Q18: =O18<=365 -> FALSE | R18: =J18-L18 -> 459
A19: =Sheet4!A19 -> 7 O 66/15 | B19: =Sheet4!N19 -> 29.01.2016 | C19: =Sheet4!U19 -> 05.04.2015 | D19: =Sheet4!S19 -> 19.03.2014 | E19: =Sheet4!W19 -> 19.03.2014 | F19: =Sheet4!O19 -> 1 | G19: =Sheet4!E19 -> Yes | I19: =DATE(VALUE(RIGHT(B19,4)), VALUE(MID(B19,4,2)), VALUE(LEFT(B19,2))) -> 42398 | J19: =DATE(VALUE(RIGHT(C19,4)), VALUE(MID(C19,4,2)), VALUE(LEFT(C19,2))) -> 42099 | K19: =DATE(VALUE(RIGHT(D19,4)), VALUE(MID(D19,4,2)), VALUE(LEFT(D19,2))) -> 41717 | L19: =DATE(VALUE(RIGHT(E19,4)), VALUE(MID(E19,4,2)), VALUE(LEFT(E19,2))) -> 41717 | N19: =I19-J19 -> 299 | O19: =J19-K19 -> 382 | P19: =O19>=1825 -> FALSE | Q19: =O19<=365 -> FALSE | R19: =J19-L19 -> 382
A20: =Sheet4!A20 -> 7 O 115/16 | B20: =Sheet4!N20 -> 04.09.2019 | C20: =Sheet4!U20 -> 02.07.2016 | D20: =Sheet4!S20 -> 01.06.2015 | E20: =Sheet4!W20 -> 01.06.2016 | F20: =Sheet4!O20 -> 0 | G20: =Sheet4!E20 -> Yes | I20: =DATE(VALUE(RIGHT(B20,4)), VALUE(MID(B20,4,2)), VALUE(LEFT(B20,2))) -> 43712 | J20: =DATE(VALUE(RIGHT(C20,4)), VALUE(MID(C20,4,2)), VALUE(LEFT(C20,2))) -> 42553 | K20: =DATE(VALUE(RIGHT(D20,4)), VALUE(MID(D20,4,2)), VALUE(LEFT(D20,2))) -> 42156 | L20: =DATE(VALUE(RIGHT(E20,4)), VALUE(MID(E20,4,2)), VALUE(LEFT(E20,2))) -> 42522 | N20: =I20-J20 -> 1159 | O20: =J20-K20 -> 397 | P20: =O20>=1825 -> FALSE | Q20: =O20<=365 -> FALSE | R20: =J20-L20 -> 31
A21: =Sheet4!A21 -> 7 O 165/16 | B21: =Sheet4!N21 -> 13.07.2018 | C21: =Sheet4!U21 -> 23.09.2016 | D21: =Sheet4!S21 -> 15.12.2014 | E21: =Sheet4!W21 -> 03.08.2015 | F21: =Sheet4!O21 -> 0 | G21: =Sheet4!E21 -> No | I21: =DATE(VALUE(RIGHT(B21,4)), VALUE(MID(B21,4,2)), VALUE(LEFT(B21,2))) -> 43294 | J21: =DATE(VALUE(RIGHT(C21,4)), VALUE(MID(C21,4,2)), VALUE(LEFT(C21,2))) -> 42636 | K21: =DATE(VALUE(RIGHT(D21,4)), VALUE(MID(D21,4,2)), VALUE(LEFT(D21,2))) -> 41988 | L21: =DATE(VALUE(RIGHT(E21,4)), VALUE(MID(E21,4,2)), VALUE(LEFT(E21,2))) -> 42219 | N21: =I21-J21 -> 658 | O21: =J21-K21 -> 648 | P21: =O21>=1825 -> FALSE | Q21: =O21<=365 -> FALSE | R21: =J21-L21 -> 417
A22: =Sheet4!A22 -> 7 O 19/16 | B22: =Sheet4!N22 -> 17.11.2016 | C22: =Sheet4!U22 -> 19.01.2016 | D22: =Sheet4!S22 -> 05.07.2014 | E22: =Sheet4!W22 -> 28.07.2015 | F22: =Sheet4!O22 -> 0 | G22: =Sheet4!E22 -> No | I22: =DATE(VALUE(RIGHT(B22,4)), VALUE(MID(B22,4,2)), VALUE(LEFT(B22,2))) -> 42691 | J22: =DATE(VALUE(RIGHT(C22,4)), VALUE(MID(C22,4,2)), VALUE(LEFT(C22,2))) -> 42388 | K22: =DATE(VALUE(RIGHT(D22,4)), VALUE(MID(D22,4,2)), VALUE(LEFT(D22,2))) -> 41825 | L22: =DATE(VALUE(RIGHT(E22,4)), VALUE(MID(E22,4,2)), VALUE(LEFT(E22,2))) -> 42213 | N22: =I22-J22 -> 303 | O22: =J22-K22 -> 563 | P22: =O22>=1825 -> FALSE | Q22: =O22<=365 -> FALSE | R22: =J22-L22 -> 175
A23: =Sheet4!A23 -> 7 O 209/15 | B23: =Sheet4!N23 -> 17.11.2016 | C23: =Sheet4!U23 -> 31.10.2015 | D23: =Sheet4!S23 -> 05.07.2014 | E23: =Sheet4!W23 -> 28.07.2015 | F23: =Sheet4!O23 -> 0 | G23: =Sheet4!E23 -> No | I23: =DATE(VALUE(RIGHT(B23,4)), VALUE(MID(B23,4,2)), VALUE(LEFT(B23,2))) -> 42691 | J23: =DATE(VALUE(RIGHT(C23,4)), VALUE(MID(C23,4,2)), VALUE(LEFT(C23,2))) -> 42308 | K23: =DATE(VALUE(RIGHT(D23,4)), VALUE(MID(D23,4,2)), VALUE(LEFT(D23,2))) -> 41825 | L23: =DATE(VALUE(RIGHT(E23,4)), VALUE(MID(E23,4,2)), VALUE(LEFT(E23,2))) -> 42213 | N23: =I23-J23 -> 383 | O23: =J23-K23 -> 483 | P23: =O23>=1825 -> FALSE | Q23: =O23<=365 -> FALSE | R23: =J23-L23 -> 95
A24: =Sheet4!A24 -> 7 O 18/17 | B24: =Sheet4!N24 -> 02.03.2018 | C24: =Sheet4!U24 -> 29.01.2017 | D24: =Sheet4!S24 -> 13.10.2014 | E24: =Sheet4!W24 -> 28.07.2015 | F24: =Sheet4!O24 -> 0 | G24: =Sheet4!E24 -> No | I24: =DATE(VALUE(RIGHT(B24,4)), VALUE(MID(B24,4,2)), VALUE(LEFT(B24,2))) -> 43161 | J24: =DATE(VALUE(RIGHT(C24,4)), VALUE(MID(C24,4,2)), VALUE(LEFT(C24,2))) -> 42764 | K24: =DATE(VALUE(RIGHT(D24,4)), VALUE(MID(D24,4,2)), VALUE(LEFT(D24,2))) -> 41925 | L24: =DATE(VALUE(RIGHT(E24,4)), VALUE(MID(E24,4,2)), VALUE(LEFT(E24,2))) -> 42213 | N24: =I24-J24 -> 397 | O24: =J24-K24 -> 839 | P24: =O24>=1825 -> FALSE | Q24: =O24<=365 -> FALSE | R24: =J24-L24 -> 551
A25: =Sheet4!A25 -> 2 O 136/18 | B25: =Sheet4!N25 -> 21.08.2020 | C25: =Sheet4!U25 -> 17.10.2018 | D25: =Sheet4!S25 -> 15.12.2014 | E25: =Sheet4!W25 -> 01.02.2016 | F25: =Sheet4!O25 -> 0 | G25: =Sheet4!E25 -> No | I25: =DATE(VALUE(RIGHT(B25,4)), VALUE(MID(B25,4,2)), VALUE(LEFT(B25,2))) -> 44064 | J25: =DATE(VALUE(RIGHT(C25,4)), VALUE(MID(C25,4,2)), VALUE(LEFT(C25,2))) -> 43390 | K25: =DATE(VALUE(RIGHT(D25,4)), VALUE(MID(D25,4,2)), VALUE(LEFT(D25,2))) -> 41988 | L25: =DATE(VALUE(RIGHT(E25,4)), VALUE(MID(E25,4,2)), VALUE(LEFT(E25,2))) -> 42401 | N25: =I25-J25 -> 674 | O25: =J25-K25 -> 1402 | P25: =O25>=1825 -> FALSE | Q25: =O25<=365 -> FALSE | R25: =J25-L25 -> 989
A26: =Sheet4!A26 -> 2 O 131/19 | B26: =Sheet4!N26 -> 02.03.2021 | C26: =Sheet4!U26 -> 0 | D26: =Sheet4!S26 -> 29.03.2016 | E26: =Sheet4!W26 -> ? | F26: =Sheet4!O26 -> 0 | G26: =Sheet4!E26 -> Yes | I26: =DATE(VALUE(RIGHT(B26,4)), VALUE(MID(B26,4,2)), VALUE(LEFT(B26,2))) -> 44257 | J26: =DATE(VALUE(RIGHT(C26,4)), VALUE(MID(C26,4,2)), VALUE(LEFT(C26,2))) -> #VALUE! | K26: =DATE(VALUE(RIGHT(D26,4)), VALUE(MID(D26,4,2)), VALUE(LEFT(D26,2))) -> 42458 | L26: =DATE(VALUE(RIGHT(E26,4)), VALUE(MID(E26,4,2)), VALUE(LEFT(E26,2))) -> #VALUE! | N26: =I26-J26 -> #VALUE! | O26: =J26-K26 -> #VALUE! | P26: =O26>=1825 -> #VALUE! | Q26: =O26<=365 -> #VALUE! | R26: =J26-L26 -> #VALUE!
A27: =Sheet4!A27 -> 2 O 34/19 | B27: =Sheet4!N27 -> 18.08.2020 | C27: =Sheet4!U27 -> 21.03.2019 | D27: 31.03.2016 | E27: =Sheet4!W27 -> 09.11.2016 | F27: =Sheet4!O27 -> 0 | G27: =Sheet4!E27 -> Yes | I27: =DATE(VALUE(RIGHT(B27,4)), VALUE(MID(B27,4,2)), VALUE(LEFT(B27,2))) -> 44061 | J27: =DATE(VALUE(RIGHT(C27,4)), VALUE(MID(C27,4,2)), VALUE(LEFT(C27,2))) -> 43545 | K27: =DATE(VALUE(RIGHT(D27,4)), VALUE(MID(D27,4,2)), VALUE(LEFT(D27,2))) -> 42460 | L27: =DATE(VALUE(RIGHT(E27,4)), VALUE(MID(E27,4,2)), VALUE(LEFT(E27,2))) -> 42683 | N27: =I27-J27 -> 516 | O27: =J27-K27 -> 1085 | P27: =O27>=1825 -> FALSE | Q27: =O27<=365 -> FALSE | R27: =J27-L27 -> 862
A28: =Sheet4!A28 -> 7 O 15350/19 | B28: =Sheet4!N28 -> 19.08.2021 | C28: =Sheet4!U28 -> 10.10.2019 | D28: =Sheet4!S28 -> 21.08.2019 | E28: =Sheet4!W28 -> 21.08.2019 | F28: =Sheet4!O28 -> 0 | G28: =Sheet4!E28 -> Yes | I28: =DATE(VALUE(RIGHT(B28,4)), VALUE(MID(B28,4,2)), VALUE(LEFT(B28,2))) -> 44427 | J28: =DATE(VALUE(RIGHT(C28,4)), VALUE(MID(C28,4,2)), VALUE(LEFT(C28,2))) -> 43748 | K28: =DATE(VALUE(RIGHT(D28,4)), VALUE(MID(D28,4,2)), VALUE(LEFT(D28,2))) -> 43698 | L28: =DATE(VALUE(RIGHT(E28,4)), VALUE(MID(E28,4,2)), VALUE(LEFT(E28,2))) -> 43698 | N28: =I28-J28 -> 679 | O28: =J28-K28 -> 50 | P28: =O28>=1825 -> FALSE | Q28: =O28<=365 -> TRUE | R28: =J28-L28 -> 50 | S28: Klageerweiterung am 19.02.2021
A29: =Sheet4!A29 -> 2 O 75/21 | B29: =Sheet4!N29 -> 05.07.2022 | C29: =Sheet4!U29 -> 08.07.2021 | D29: =Sheet4!S29 -> ? | E29: =Sheet4!W29 -> ? | F29: =Sheet4!O29 -> 0 | G29: =Sheet4!E29 -> Yes | I29: =DATE(VALUE(RIGHT(B29,4)), VALUE(MID(B29,4,2)), VALUE(LEFT(B29,2))) -> 44747 | J29: =DATE(VALUE(RIGHT(C29,4)), VALUE(MID(C29,4,2)), VALUE(LEFT(C29,2))) -> 44385 | K29: =DATE(VALUE(RIGHT(D29,4)), VALUE(MID(D29,4,2)), VALUE(LEFT(D29,2))) -> #VALUE! | L29: =DATE(VALUE(RIGHT(E29,4)), VALUE(MID(E29,4,2)), VALUE(LEFT(E29,2))) -> #VALUE! | N29: =I29-J29 -> 362 | O29: =J29-K29 -> #VALUE! | P29: =O29>=1825 -> #VALUE! | Q29: =O29<=365 -> #VALUE! | R29: =J29-L29 -> #VALUE!
A30: =Sheet4!A30 -> 7 O 28/16 | B30: =Sheet4!N30 -> 10.11.2017 | C30: =Sheet4!U30 -> 03.02.2016 | D30: =Sheet4!S30 -> 01.11.2013 | E30: =Sheet4!W30 -> 01.11.2013 | F30: =Sheet4!O30 -> 0 | G30: =Sheet4!E30 -> No | I30: =DATE(VALUE(RIGHT(B30,4)), VALUE(MID(B30,4,2)), VALUE(LEFT(B30,2))) -> 43049 | J30: =DATE(VALUE(RIGHT(C30,4)), VALUE(MID(C30,4,2)), VALUE(LEFT(C30,2))) -> 42403 | K30: =DATE(VALUE(RIGHT(D30,4)), VALUE(MID(D30,4,2)), VALUE(LEFT(D30,2))) -> 41579 | L30: =DATE(VALUE(RIGHT(E30,4)), VALUE(MID(E30,4,2)), VALUE(LEFT(E30,2))) -> 41579 | N30: =I30-J30 -> 646 | O30: =J30-K30 -> 824 | P30: =O30>=1825 -> FALSE | Q30: =O30<=365 -> FALSE | R30: =J30-L30 -> 824
A31: =Sheet4!A31 -> 2 O 106/14 | B31: =Sheet4!N31 -> 27.11.2015 | C31: =Sheet4!U31 -> 15.06.2014 | D31: =Sheet4!S31 -> 01.07.2014 | E31: =Sheet4!W31 -> 25.03.2015 | F31: =Sheet4!O31 -> 1 | G31: =Sheet4!E31 -> Yes | I31: =DATE(VALUE(RIGHT(B31,4)), VALUE(MID(B31,4,2)), VALUE(LEFT(B31,2))) -> 42335 | J31: =DATE(VALUE(RIGHT(C31,4)), VALUE(MID(C31,4,2)), VALUE(LEFT(C31,2))) -> 41805 | K31: =DATE(VALUE(RIGHT(D31,4)), VALUE(MID(D31,4,2)), VALUE(LEFT(D31,2))) -> 41821 | L31: =DATE(VALUE(RIGHT(E31,4)), VALUE(MID(E31,4,2)), VALUE(LEFT(E31,2))) -> 42088 | N31: =I31-J31 -> 530 | O31: =J31-K31 -> -16 | P31: =O31>=1825 -> FALSE | Q31: =O31<=365 -> TRUE | R31: =J31-L31 -> -283
A32: =Sheet4!A32 -> 21 O 11522/21 | B32: =Sheet4!N32 -> 05.08.2022 | C32: =Sheet4!U32 -> 0 | D32: =Sheet4!S32 -> ? | E32: =Sheet4!W32 -> ? | F32: =Sheet4!O32 -> 0 | G32: =Sheet4!E32 -> Yes | I32: =DATE(VALUE(RIGHT(B32,4)), VALUE(MID(B32,4,2)), VALUE(LEFT(B32,2))) -> 44778 | J32: =DATE(VALUE(RIGHT(C32,4)), VALUE(MID(C32,4,2)), VALUE(LEFT(C32,2))) -> #VALUE! | K32: =DATE(VALUE(RIGHT(D32,4)), VALUE(MID(D32,4,2)), VALUE(LEFT(D32,2))) -> #VALUE! | L32: =DATE(VALUE(RIGHT(E32,4)), VALUE(MID(E32,4,2)), VALUE(LEFT(E32,2))) -> #VALUE! | N32: =I32-J32 -> #VALUE! | O32: =J32-K32 -> #VALUE! | P32: =O32>=1825 -> #VALUE! | Q32: =O32<=365 -> #VALUE! | R32: =J32-L32 -> #VALUE!
A33: =Sheet4!A33 -> 21 O 1910/22 | B33: =Sheet4!N33 -> 19.04.2023 | C33: =Sheet4!U33 -> 0 | D33: =Sheet4!S33 -> ? | E33: =Sheet4!W33 -> ? | F33: =Sheet4!O33 -> 0 | G33: =Sheet4!E33 -> Yes | I33: =DATE(VALUE(RIGHT(B33,4)), VALUE(MID(B33,4,2)), VALUE(LEFT(B33,2))) -> 45035 | J33: =DATE(VALUE(RIGHT(C33,4)), VALUE(MID(C33,4,2)), VALUE(LEFT(C33,2))) -> #VALUE! | K33: =DATE(VALUE(RIGHT(D33,4)), VALUE(MID(D33,4,2)), VALUE(LEFT(D33,2))) -> #VALUE! | L33: =DATE(VALUE(RIGHT(E33,4)), VALUE(MID(E33,4,2)), VALUE(LEFT(E33,2))) -> #VALUE! | N33: =I33-J33 -> #VALUE! | O33: =J33-K33 -> #VALUE! | P33: =O33>=1825 -> #VALUE! | Q33: =O33<=365 -> #VALUE! | R33: =J33-L33 -> #VALUE!
A34: =Sheet4!A34 -> 21 O 4140/21 | B34: =Sheet4!N34 -> 17.02.2023 | C34: =Sheet4!U34 -> 0 | D34: =Sheet4!S34 -> 01.03.2021 | E34: =Sheet4!W34 -> 01.03.2021 | F34: =Sheet4!O34 -> 0 | G34: =Sheet4!E34 -> Yes | I34: =DATE(VALUE(RIGHT(B34,4)), VALUE(MID(B34,4,2)), VALUE(LEFT(B34,2))) -> 44974 | J34: =DATE(VALUE(RIGHT(C34,4)), VALUE(MID(C34,4,2)), VALUE(LEFT(C34,2))) -> #VALUE! | K34: =DATE(VALUE(RIGHT(D34,4)), VALUE(MID(D34,4,2)), VALUE(LEFT(D34,2))) -> 44256 | L34: =DATE(VALUE(RIGHT(E34,4)), VALUE(MID(E34,4,2)), VALUE(LEFT(E34,2))) -> 44256 | N34: =I34-J34 -> #VALUE! | O34: =J34-K34 -> #VALUE! | P34: =O34>=1825 -> #VALUE! | Q34: =O34<=365 -> #VALUE! | R34: =J34-L34 -> #VALUE!
A35: =Sheet4!A35 -> 7 O 8818/19 | B35: =Sheet4!N35 -> 10.09.2020 | C35: =Sheet4!U35 -> 28.06.2019 | D35: =Sheet4!S35 -> 2016 | E35: =Sheet4!W35 -> 08.09.2016 | F35: =Sheet4!O35 -> 0 | G35: =Sheet4!E35 -> Yes | I35: =DATE(VALUE(RIGHT(B35,4)), VALUE(MID(B35,4,2)), VALUE(LEFT(B35,2))) -> 44084 | J35: =DATE(VALUE(RIGHT(C35,4)), VALUE(MID(C35,4,2)), VALUE(LEFT(C35,2))) -> 43644 | K35: =DATE(VALUE(RIGHT(D35,4)), VALUE(MID(D35,4,2)), VALUE(LEFT(D35,2))) -> 42541 | L35: =DATE(VALUE(RIGHT(E35,4)), VALUE(MID(E35,4,2)), VALUE(LEFT(E35,2))) -> 42621 | N35: =I35-J35 -> 440 | O35: =J35-K35 -> 1103 | P35: =O35>=1825 -> FALSE | Q35: =O35<=365 -> FALSE | R35: =J35-L35 -> 1023
A36: =Sheet4!A36 -> 4a O 27/16 | B36: =Sheet4!N36 -> 13.07.2017 | C36: =Sheet4!U36 -> 18.03.2016 | D36: =Sheet4!S36 -> 04.12.2012 | E36: =Sheet4!W36 -> 04.12.2012 | F36: =Sheet4!O36 -> 0 | G36: =Sheet4!E36 -> No | I36: =DATE(VALUE(RIGHT(B36,4)), VALUE(MID(B36,4,2)), VALUE(LEFT(B36,2))) -> 42929 | J36: =DATE(VALUE(RIGHT(C36,4)), VALUE(MID(C36,4,2)), VALUE(LEFT(C36,2))) -> 42447 | K36: =DATE(VALUE(RIGHT(D36,4)), VALUE(MID(D36,4,2)), VALUE(LEFT(D36,2))) -> 41247 | L36: =DATE(VALUE(RIGHT(E36,4)), VALUE(MID(E36,4,2)), VALUE(LEFT(E36,2))) -> 41247 | N36: =I36-J36 -> 482 | O36: =J36-K36 -> 1200 | P36: =O36>=1825 -> FALSE | Q36: =O36<=365 -> FALSE | R36: =J36-L36 -> 1200
A37: =Sheet4!A37 -> 4a O 154/15 | B37: =Sheet4!N37 -> 13.07.2017 | C37: =Sheet4!U37 -> 06.11.2015 | D37: =Sheet4!S37 -> 04.12.2012 | E37: =Sheet4!W37 -> 04.12.2012 | F37: =Sheet4!O37 -> 1 | G37: =Sheet4!E37 -> No | I37: =DATE(VALUE(RIGHT(B37,4)), VALUE(MID(B37,4,2)), VALUE(LEFT(B37,2))) -> 42929 | J37: =DATE(VALUE(RIGHT(C37,4)), VALUE(MID(C37,4,2)), VALUE(LEFT(C37,2))) -> 42314 | K37: =DATE(VALUE(RIGHT(D37,4)), VALUE(MID(D37,4,2)), VALUE(LEFT(D37,2))) -> 41247 | L37: =DATE(VALUE(RIGHT(E37,4)), VALUE(MID(E37,4,2)), VALUE(LEFT(E37,2))) -> 41247 | N37: =I37-J37 -> 615 | O37: =J37-K37 -> 1067 | P37: =O37>=1825 -> FALSE | Q37: =O37<=365 -> FALSE | R37: =J37-L37 -> 1067
A38: =Sheet4!A38 -> 14d O 13/17 | B38: =Sheet4!N38 -> 09.11.2017 | C38: =Sheet4!U38 -> 07.09.2015 | D38: =Sheet4!S38 -> ? | E38: =Sheet4!W38 -> ? | F38: =Sheet4!O38 -> 0 | G38: =Sheet4!E38 -> No | I38: =DATE(VALUE(RIGHT(B38,4)), VALUE(MID(B38,4,2)), VALUE(LEFT(B38,2))) -> 43048 | J38: =DATE(VALUE(RIGHT(C38,4)), VALUE(MID(C38,4,2)), VALUE(LEFT(C38,2))) -> 42254 | K38: =DATE(VALUE(RIGHT(D38,4)), VALUE(MID(D38,4,2)), VALUE(LEFT(D38,2))) -> #VALUE! | L38: =DATE(VALUE(RIGHT(E38,4)), VALUE(MID(E38,4,2)), VALUE(LEFT(E38,2))) -> #VALUE! | N38: =I38-J38 -> 794 | O38: =J38-K38 -> #VALUE! | P38: =O38>=1825 -> #VALUE! | Q38: =O38<=365 -> #VALUE! | R38: =J38-L38 -> #VALUE!
A39: =Sheet4!A39 -> 7 O 38/14 | B39: =Sheet4!N39 -> 26.02.2016 | C39: =Sheet4!U39 -> 21.03.2014 | D39: =Sheet4!S39 -> ? | E39: =Sheet4!W39 -> ? | F39: =Sheet4!O39 -> 1 | G39: =Sheet4!E39 -> No | I39: =DATE(VALUE(RIGHT(B39,4)), VALUE(MID(B39,4,2)), VALUE(LEFT(B39,2))) -> 42426 | J39: =DATE(VALUE(RIGHT(C39,4)), VALUE(MID(C39,4,2)), VALUE(LEFT(C39,2))) -> 41719 | K39: =DATE(VALUE(RIGHT(D39,4)), VALUE(MID(D39,4,2)), VALUE(LEFT(D39,2))) -> #VALUE! | L39: =DATE(VALUE(RIGHT(E39,4)), VALUE(MID(E39,4,2)), VALUE(LEFT(E39,2))) -> #VALUE! | N39: =I39-J39 -> 707 | O39: =J39-K39 -> #VALUE! | P39: =O39>=1825 -> #VALUE! | Q39: =O39<=365 -> #VALUE! | R39: =J39-L39 -> #VALUE!
A40: =Sheet4!A40 -> 7 O 24/14 | B40: 04.03.2016 | C40: =Sheet4!U40 -> 26.02.2014 | D40: =Sheet4!S40 -> ? | E40: =Sheet4!W40 -> 13.03.2015 | F40: =Sheet4!O40 -> 1 | G40: =Sheet4!E40 -> Yes | I40: =DATE(VALUE(RIGHT(B40,4)), VALUE(MID(B40,4,2)), VALUE(LEFT(B40,2))) -> 42433 | J40: =DATE(VALUE(RIGHT(C40,4)), VALUE(MID(C40,4,2)), VALUE(LEFT(C40,2))) -> 41696 | K40: =DATE(VALUE(RIGHT(D40,4)), VALUE(MID(D40,4,2)), VALUE(LEFT(D40,2))) -> #VALUE! | L40: =DATE(VALUE(RIGHT(E40,4)), VALUE(MID(E40,4,2)), VALUE(LEFT(E40,2))) -> 42076 | N40: =I40-J40 -> 737 | O40: =J40-K40 -> #VALUE! | P40: =O40>=1825 -> #VALUE! | Q40: =O40<=365 -> #VALUE! | R40: =J40-L40 -> -380
A41: =Sheet4!A41 -> 7 O 26/14 | B41: 11.03.2016 | C41: =Sheet4!U41 -> 01.03.2014 | D41: =Sheet4!S41 -> ? | E41: =Sheet4!W41 -> 13.05.2015 | F41: =Sheet4!O41 -> 1 | G41: =Sheet4!E41 -> Yes | I41: =DATE(VALUE(RIGHT(B41,4)), VALUE(MID(B41,4,2)), VALUE(LEFT(B41,2))) -> 42440 | J41: =DATE(VALUE(RIGHT(C41,4)), VALUE(MID(C41,4,2)), VALUE(LEFT(C41,2))) -> 41699 | K41: =DATE(VALUE(RIGHT(D41,4)), VALUE(MID(D41,4,2)), VALUE(LEFT(D41,2))) -> #VALUE! | L41: =DATE(VALUE(RIGHT(E41,4)), VALUE(MID(E41,4,2)), VALUE(LEFT(E41,2))) -> 42137 | N41: =I41-J41 -> 741 | O41: =J41-K41 -> #VALUE! | P41: =O41>=1825 -> #VALUE! | Q41: =O41<=365 -> #VALUE! | R41: =J41-L41 -> -438
A42: =Sheet4!A42 -> 7 O 43/16 | B42: =Sheet4!N42 -> 25.11.2016 | C42: =Sheet4!U42 -> 28.02.2016 | D42: =Sheet4!S42 -> 13.10.2014 | E42: =Sheet4!W42 -> 28.07.2015 | F42: =Sheet4!O42 -> 0 | G42: =Sheet4!E42 -> Yes | I42: =DATE(VALUE(RIGHT(B42,4)), VALUE(MID(B42,4,2)), VALUE(LEFT(B42,2))) -> 42699 | J42: =DATE(VALUE(RIGHT(C42,4)), VALUE(MID(C42,4,2)), VALUE(LEFT(C42,2))) -> 42428 | K42: =DATE(VALUE(RIGHT(D42,4)), VALUE(MID(D42,4,2)), VALUE(LEFT(D42,2))) -> 41925 | L42: =DATE(VALUE(RIGHT(E42,4)), VALUE(MID(E42,4,2)), VALUE(LEFT(E42,2))) -> 42213 | N42: =I42-J42 -> 271 | O42: =J42-K42 -> 503 | P42: =O42>=1825 -> FALSE | Q42: =O42<=365 -> FALSE | R42: =J42-L42 -> 215
A43: =Sheet4!A43 -> 7 O 44/16 | B43: =Sheet4!N43 -> 25.11.2016 | C43: =Sheet4!U43 -> 01.03.2016 | D43: =Sheet4!S43 -> 13.10.2014 | E43: =Sheet4!W43 -> 28.07.2015 | F43: =Sheet4!O43 -> 0 | G43: =Sheet4!E43 -> Yes | I43: =DATE(VALUE(RIGHT(B43,4)), VALUE(MID(B43,4,2)), VALUE(LEFT(B43,2))) -> 42699 | J43: =DATE(VALUE(RIGHT(C43,4)), VALUE(MID(C43,4,2)), VALUE(LEFT(C43,2))) -> 42430 | K43: =DATE(VALUE(RIGHT(D43,4)), VALUE(MID(D43,4,2)), VALUE(LEFT(D43,2))) -> 41925 | L43: =DATE(VALUE(RIGHT(E43,4)), VALUE(MID(E43,4,2)), VALUE(LEFT(E43,2))) -> 42213 | N43: =I43-J43 -> 269 | O43: =J43-K43 -> 505 | P43: =O43>=1825 -> FALSE | Q43: =O43<=365 -> FALSE | R43: =J43-L43 -> 217
A44: =Sheet4!A44 -> 7 O 212/15 | B44: =Sheet4!N44 -> 27.01.2017 | C44: =Sheet4!U44 -> 05.11.2015 | D44: =Sheet4!S44 -> 13.10.2014 | E44: =Sheet4!W44 -> 28.07.2015 | F44: =Sheet4!O44 -> 0 | G44: =Sheet4!E44 -> Yes | I44: =DATE(VALUE(RIGHT(B44,4)), VALUE(MID(B44,4,2)), VALUE(LEFT(B44,2))) -> 42762 | J44: =DATE(VALUE(RIGHT(C44,4)), VALUE(MID(C44,4,2)), VALUE(LEFT(C44,2))) -> 42313 | K44: =DATE(VALUE(RIGHT(D44,4)), VALUE(MID(D44,4,2)), VALUE(LEFT(D44,2))) -> 41925 | L44: =DATE(VALUE(RIGHT(E44,4)), VALUE(MID(E44,4,2)), VALUE(LEFT(E44,2))) -> 42213 | N44: =I44-J44 -> 449 | O44: =J44-K44 -> 388 | P44: =O44>=1825 -> FALSE | Q44: =O44<=365 -> FALSE | R44: =J44-L44 -> 100
A45: =Sheet4!A45 -> 7 O 31/16 | B45: =Sheet4!N45 -> 24.02.2017 | C45: =Sheet4!U45 -> 08.02.2016 | D45: 13.12.2005/01.06.2009 | E45: =Sheet4!W45 -> 17.09.2015 | F45: =Sheet4!O45 -> 0 | G45: =Sheet4!E45 -> No | I45: =DATE(VALUE(RIGHT(B45,4)), VALUE(MID(B45,4,2)), VALUE(LEFT(B45,2))) -> 42790 | J45: =DATE(VALUE(RIGHT(C45,4)), VALUE(MID(C45,4,2)), VALUE(LEFT(C45,2))) -> 42408 | K45: =DATE(VALUE(RIGHT(D45,4)), VALUE(MID(D45,4,2)), VALUE(LEFT(D45,2))) -> 40160 | L45: =DATE(VALUE(RIGHT(E45,4)), VALUE(MID(E45,4,2)), VALUE(LEFT(E45,2))) -> 42264 | N45: =I45-J45 -> 382 | O45: =J45-K45 -> 2248 | P45: 1 | Q45: =O45<=365 -> FALSE | R45: =J45-L45 -> 144
A46: =Sheet4!A46 -> 2 O 98/16 | B46: =Sheet4!N46 -> 23.05.2017 | C46: =Sheet4!U46 -> 0 | D46: =Sheet4!S46 -> 01.12.2014 | E46: =Sheet4!W46 -> 01.02.2016 | F46: =Sheet4!O46 -> 0 | G46: =Sheet4!E46 -> No | I46: =DATE(VALUE(RIGHT(B46,4)), VALUE(MID(B46,4,2)), VALUE(LEFT(B46,2))) -> 42878 | J46: =DATE(VALUE(RIGHT(C46,4)), VALUE(MID(C46,4,2)), VALUE(LEFT(C46,2))) -> #VALUE! | K46: =DATE(VALUE(RIGHT(D46,4)), VALUE(MID(D46,4,2)), VALUE(LEFT(D46,2))) -> 41974 | L46: =DATE(VALUE(RIGHT(E46,4)), VALUE(MID(E46,4,2)), VALUE(LEFT(E46,2))) -> 42401 | N46: =I46-J46 -> #VALUE! | O46: =J46-K46 -> #VALUE! | P46: =O46>=1825 -> #VALUE! | Q46: =O46<=365 -> #VALUE! | R46: =J46-L46 -> #VALUE!

Sheet Patent validity graphs
A1: Aktenzeichen | B1: Landgericht | C1: Injunction | D1: Date of decision | E1: Decision's date | F1: Date of complaint | G1: Complaint's date | H1: Patent Validity Proceedings | I1: Aktenzeichen Bundespatetgerichts | J1: Result of the Patent Validity | K1: Entscheidungsdatum | L1: PatVal Decision's date | M1: Beschwerdesdatum | N1: PatVal Complaint's date | P1: Patent Validity lag | Q1: Injunction-Validity lag | T1: Invalid for Germany | U1: Partially invalid for Germany | V1: Fully revoked | W1: Charges dismissed | AA1: Injunction case | AB1: Validity case | AC1: Median Injunction-Validity lag | AE1: Injunctions granted | AF1: Patents challenged | AG1: Injunctions with conflicting validity decision | AH1: Percentage of challenged | AI1: Percentage of said conflicting
A2: =Sheet4!A2 -> 4a O 144/14 | B2: =Sheet4!B2 -> Duesseldorf | C2: =Sheet4!E2 -> Yes | D2: =Sheet4!N2 -> 03.11.2015 | E2: =DATE(VALUE(RIGHT(D2,4)), VALUE(MID(D2,4,2)), VALUE(LEFT(D2,2))) -> 42311 | F2: =Sheet4!U2 -> 18.12.2014 | G2: =DATE(VALUE(RIGHT(F2,4)), VALUE(MID(F2,4,2)), VALUE(LEFT(F2,2))) -> 41991 | H2: =Sheet4!AO2 -> Yes | I2: =Sheet4!AQ2 -> 6 Ni 15/15 (EP) | J2: =Sheet4!AP2 -> Invalid for Germany | K2: =Sheet4!AR2 -> 14.02.2018 | L2: =DATE(VALUE(RIGHT(K2,4)), VALUE(MID(K2,4,2)), VALUE(LEFT(K2,2))) -> 43145 | M2: =Sheet4!AS2 -> 31.07.2015 | N2: =DATE(VALUE(RIGHT(M2,4)), VALUE(MID(M2,4,2)), VALUE(LEFT(M2,2))) -> 42216 | P2: =L2-N2 -> 929 | Q2: =L2-E2 -> 834 | S2: Less than 1 year | T2: =COUNTIFS($J$2:$J$46, "Invalid for Germany", $P$2:$P$46, "<365") -> 1 | U2: =COUNTIFS($J$2:$J$46, "Partially invalid for Germany", $P$2:$P$46, "<365") -> 0 | V2: =COUNTIFS($J$2:$J$46, "Fully revoked", $P$2:$P$46, "<365") -> 0 | W2: =COUNTIFS($J$2:$J$46, "Charges dismissed", $P$2:$P$46, "<365") -> 1 | AA2: {=MEDIAN(IF(ISERROR('Lag graphs'!N2:N46), "", 'Lag graphs'!N2:N46))} -> 530 | AB2: {=MEDIAN(IF(ISERROR(P2:P46), "", P2:P46))} -> 938 | AC2: {=MEDIAN(IF(ISERROR(Q2:Q46), "", Q2:Q46))} -> 518.5 | AE2: =COUNTIF(C2:C46, "Yes") -> 27 | AF2: =COUNTIFS(C2:C46,"Yes",H2:H46,"Yes") -> 25 | AG2: =COUNTIFS(C2:C46, "Yes", J2:J46, "Invalid for Germany") + COUNTIFS(C2:C46, "Yes", J2:J46, "Partially invalid for Germany") + COUNTIFS(C2:C46, "Yes", J2:J46, "Fully revoked") -> 12 | AH2: =AF2/AE2 -> 0.92592593 | AI2: =(COUNTIFS(C2:C46, "Yes", J2:J46, "Invalid for Germany") + COUNTIFS(C2:C46, "Yes", J2:J46, "Partially invalid for Germany") + COUNTIFS(C2:C46, "Yes", J2:J46, "Fully revoked"))/(COUNTIF(C2:C46, "Yes")) -> 0.44444444
A3: =Sheet4!A3 -> 4a O 126/14 | B3: =Sheet4!B3 -> Duesseldorf | C3: =Sheet4!E3 -> Yes | D3: =Sheet4!N3 -> 31.03.2016 | E3: =DATE(VALUE(RIGHT(D3,4)), VALUE(MID(D3,4,2)), VALUE(LEFT(D3,2))) -> 42460 | F3: =Sheet4!U3 -> 12.11.2014 | G3: =DATE(VALUE(RIGHT(F3,4)), VALUE(MID(F3,4,2)), VALUE(LEFT(F3,2))) -> 41955 | H3: =Sheet4!AO3 -> Yes | I3: =Sheet4!AQ3 -> 4 Ni 6/15 (EP), 6 Ni 7/16 (EP), 6 Ni 63/16 (EP), 4 Ni 33/14 (EP) | J3: =Sheet4!AP3 -> - | K3: =Sheet4!AR3 -> - | L3: =DATE(VALUE(RIGHT(K3,4)), VALUE(MID(K3,4,2)), VALUE(LEFT(K3,2))) -> #VALUE! | M3: =Sheet4!AS3 -> 06.11.2014 | N3: =DATE(VALUE(RIGHT(M3,4)), VALUE(MID(M3,4,2)), VALUE(LEFT(M3,2))) -> 41949 | P3: =L3-N3 -> #VALUE! | Q3: =L3-E3 -> #VALUE! | S3: 1 to 2 years | T3: =COUNTIFS($J$2:$J$46, "Invalid for Germany", $P$2:$P$46, ">=365", $P$2:$P$46, "<730") -> 1 | U3: =COUNTIFS($J$2:$J$46, "Partially invalid for Germany", $P$2:$P$46, ">=365", $P$2:$P$46, "<730") -> 1 | V3: =COUNTIFS($J$2:$J$46, "Fully revoked", $P$2:$P$46, ">=365", $P$2:$P$46, "<730") -> 0 | W3: =COUNTIFS($J$2:$J$46, "Charges dismissed", $P$2:$P$46, ">=365", $P$2:$P$46, "<730") -> 1 | AA3: =AA2/365 -> 1.4520548 | AB3: =AB2/365 -> 2.569863 | AC3: =AC2/365 -> 1.4205479 | AF3: Patents not challenged | AG3: Injunctions w.o. conflicting validity decision | AH3: Percentage of not challenged
A4: =Sheet4!A4 -> 4a O 73/14 | B4: =Sheet4!B4 -> Duesseldorf | C4: =Sheet4!E4 -> Yes | D4: =Sheet4!N4 -> 31.03.2016 | E4: =DATE(VALUE(RIGHT(D4,4)), VALUE(MID(D4,4,2)), VALUE(LEFT(D4,2))) -> 42460 | F4: =Sheet4!U4 -> 23.07.2014 | G4: =DATE(VALUE(RIGHT(F4,4)), VALUE(MID(F4,4,2)), VALUE(LEFT(F4,2))) -> 41843 | H4: =Sheet4!AO4 -> Yes | I4: =Sheet4!AQ4 -> 6 Ni 6/16 (EP) | J4: =Sheet4!AP4 -> Invalid for Germany | K4: =Sheet4!AR4 -> 11.01.2017 | L4: =DATE(VALUE(RIGHT(K4,4)), VALUE(MID(K4,4,2)), VALUE(LEFT(K4,2))) -> 42746 | M4: =Sheet4!AS4 -> 04.07.2016 | N4: =DATE(VALUE(RIGHT(M4,4)), VALUE(MID(M4,4,2)), VALUE(LEFT(M4,2))) -> 42555 | P4: =L4-N4 -> 191 | Q4: =L4-E4 -> 286 | S4: 2 to 3 years | T4: =COUNTIFS($J$2:$J$46, "Invalid for Germany", $P$2:$P$46, ">=730", $P$2:$P$46, "<1095") -> 7 | U4: =COUNTIFS($J$2:$J$46, "Partially invalid for Germany", $P$2:$P$46, ">=730", $P$2:$P$46, "<1095") -> 5 | V4: =COUNTIFS($J$2:$J$46, "Fully revoked", $P$2:$P$46, ">=730", $P$2:$P$46, "<1095") -> 1 | W4: =COUNTIFS($J$2:$J$46, "Charges dismissed", $P$2:$P$46, ">=730", $P$2:$P$46, "<1095") -> 0 | AF4: =COUNTIFS(C2:C46,"Yes",H2:H46,"No") + COUNTIFS(C2:C46,"Yes",H2:H46,"?") -> 2 | AG4: =COUNTIFS(C2:C46, "Yes", J2:J46, "Charges dismissed") + COUNTIFS(C2:C46, "Yes", H2:H46, "Yes", J2:J46, "-") -> 13 | AH4: =AF4/AE2 -> 0.074074074
A5: =Sheet4!A5 -> 4a O 16/16 | B5: =Sheet4!B5 -> Duesseldorf | C5: =Sheet4!E5 -> No | D5: =Sheet4!N5 -> 13.07.2017 | E5: =DATE(VALUE(RIGHT(D5,4)), VALUE(MID(D5,4,2)), VALUE(LEFT(D5,2))) -> 42929 | F5: =Sheet4!U5 -> 18.02.2016 | G5: =DATE(VALUE(RIGHT(F5,4)), VALUE(MID(F5,4,2)), VALUE(LEFT(F5,2))) -> 42418 | H5: =Sheet4!AO5 -> Yes | I5: =Sheet4!AQ5 -> 6 Ni 15/15 (EP) | J5: =Sheet4!AP5 -> Invalid for Germany | K5: =Sheet4!AR5 -> 14.02.2018 | L5: =DATE(VALUE(RIGHT(K5,4)), VALUE(MID(K5,4,2)), VALUE(LEFT(K5,2))) -> 43145 | M5: =Sheet4!AS5 -> 31.07.2015 | N5: =DATE(VALUE(RIGHT(M5,4)), VALUE(MID(M5,4,2)), VALUE(LEFT(M5,2))) -> 42216 | P5: =L5-N5 -> 929 | Q5: =L5-E5 -> 216 | S5: 3 to 5 years | T5: =COUNTIFS($J$2:$J$46, "Invalid for Germany", $P$2:$P$46, ">=1095", $P$2:$P$46, "<1825") -> 3 | U5: =COUNTIFS($J$2:$J$46, "Partially invalid for Germany", $P$2:$P$46, ">=1095", $P$2:$P$46, "<1825") -> 6 | V5: =COUNTIFS($J$2:$J$46, "Fully revoked", $P$2:$P$46, ">=1095", $P$2:$P$46, "<1825") -> 0 | W5: =COUNTIFS($J$2:$J$46, "Charges dismissed", $P$2:$P$46, ">=1095", $P$2:$P$46, "<1825") -> 0 | X5: POTENTIAL PROBLEM WITH
A6: =Sheet4!A6 -> 4a O 35/16 | B6: =Sheet4!B6 -> Duesseldorf | C6: =Sheet4!E6 -> No | D6: =Sheet4!N6 -> 13.07.2017 | E6: =DATE(VALUE(RIGHT(D6,4)), VALUE(MID(D6,4,2)), VALUE(LEFT(D6,2))) -> 42929 | F6: =Sheet4!U6 -> 09.04.2016 | G6: =DATE(VALUE(RIGHT(F6,4)), VALUE(MID(F6,4,2)), VALUE(LEFT(F6,2))) -> 42469 | H6: =Sheet4!AO6 -> Yes | I6: =Sheet4!AQ6 -> 6 Ni 15/15 (EP) | J6: =Sheet4!AP6 -> Invalid for Germany | K6: =Sheet4!AR6 -> 14.02.2018 | L6: =DATE(VALUE(RIGHT(K6,4)), VALUE(MID(K6,4,2)), VALUE(LEFT(K6,2))) -> 43145 | M6: =Sheet4!AS6 -> 31.07.2015 | N6: =DATE(VALUE(RIGHT(M6,4)), VALUE(MID(M6,4,2)), VALUE(LEFT(M6,2))) -> 42216 | P6: =L6-N6 -> 929 | Q6: =L6-E6 -> 216 | S6: More than 5 years | T6: =COUNTIFS($J$2:$J$46, "Invalid for Germany", $P$2:$P$46, ">=1825") -> 0 | U6: =COUNTIFS($J$2:$J$46, "Partially invalid for Germany", $P$2:$P$46, ">=1825") -> 0 | V6: =COUNTIFS($J$2:$J$46, "Fully revoked", $P$2:$P$46, ">=1825") -> 0 | W6: =COUNTIFS($J$2:$J$46, "Charges dismissed", $P$2:$P$46, ">=1825") -> 0 | X6: DUPLICATES
A7: =Sheet4!A7 -> 4c O 72/17 | B7: =Sheet4!B7 -> Duesseldorf | C7: =Sheet4!E7 -> No | D7: =Sheet4!N7 -> 11.07.2018 | E7: =DATE(VALUE(RIGHT(D7,4)), VALUE(MID(D7,4,2)), VALUE(LEFT(D7,2))) -> 43292 | F7: =Sheet4!U7 -> 25.08.2017 | G7: =DATE(VALUE(RIGHT(F7,4)), VALUE(MID(F7,4,2)), VALUE(LEFT(F7,2))) -> 42972 | H7: =Sheet4!AO7 -> Yes | I7: =Sheet4!AQ7 -> 5 Ni 50/16 (EP) | J7: =Sheet4!AP7 -> Partially invalid for Germany | K7: =Sheet4!AR7 -> 12.02.2020 | L7: =DATE(VALUE(RIGHT(K7,4)), VALUE(MID(K7,4,2)), VALUE(LEFT(K7,2))) -> 43873 | M7: =Sheet4!AS7 -> 26.07.2016 | N7: =DATE(VALUE(RIGHT(M7,4)), VALUE(MID(M7,4,2)), VALUE(LEFT(M7,2))) -> 42577 | P7: =L7-N7 -> 1296 | Q7: =L7-E7 -> 581 | T7: =SUM(T2:T6) -> 12 | U7: =SUM(U2:U6) -> 12 | V7: =SUM(V2:V6) -> 1 | W7: =SUM(W2:W6) -> 2 | X7: =SUM(T7:W7) -> 27
A8: =Sheet4!A8 -> 4c O 77/17 | B8: =Sheet4!B8 -> Duesseldorf | C8: =Sheet4!E8 -> No | D8: =Sheet4!N8 -> 11.07.2018 | E8: =DATE(VALUE(RIGHT(D8,4)), VALUE(MID(D8,4,2)), VALUE(LEFT(D8,2))) -> 43292 | F8: =Sheet4!U8 -> 11.09.2017 | G8: =DATE(VALUE(RIGHT(F8,4)), VALUE(MID(F8,4,2)), VALUE(LEFT(F8,2))) -> 42989 | H8: =Sheet4!AO8 -> Yes | I8: =Sheet4!AQ8 -> 5 Ni 50/16 (EP) | J8: =Sheet4!AP8 -> Partially invalid for Germany | K8: =Sheet4!AR8 -> 12.02.2020 | L8: =DATE(VALUE(RIGHT(K8,4)), VALUE(MID(K8,4,2)), VALUE(LEFT(K8,2))) -> 43873 | M8: =Sheet4!AS8 -> 26.07.2016 | N8: =DATE(VALUE(RIGHT(M8,4)), VALUE(MID(M8,4,2)), VALUE(LEFT(M8,2))) -> 42577 | P8: =L8-N8 -> 1296 | Q8: =L8-E8 -> 581
A9: =Sheet4!A9 -> 4a O 15/17 | B9: =Sheet4!B9 -> Duesseldorf | C9: =Sheet4!E9 -> Yes | D9: =Sheet4!N9 -> 09.11.2018 | E9: =DATE(VALUE(RIGHT(D9,4)), VALUE(MID(D9,4,2)), VALUE(LEFT(D9,2))) -> 43413 | F9: =Sheet4!U9 -> 05.02.2017 | G9: =DATE(VALUE(RIGHT(F9,4)), VALUE(MID(F9,4,2)), VALUE(LEFT(F9,2))) -> 42771 | H9: =Sheet4!AO9 -> No | I9: =Sheet4!AQ9 -> - | J9: =Sheet4!AP9 -> - | K9: =Sheet4!AR9 -> - | L9: =DATE(VALUE(RIGHT(K9,4)), VALUE(MID(K9,4,2)), VALUE(LEFT(K9,2))) -> #VALUE! | M9: =Sheet4!AS9 -> - | N9: =DATE(VALUE(RIGHT(M9,4)), VALUE(MID(M9,4,2)), VALUE(LEFT(M9,2))) -> #VALUE! | P9: =L9-N9 -> #VALUE! | Q9: =L9-E9 -> #VALUE!
A10: =Sheet4!A10 -> 4c O 3/17 | B10: =Sheet4!B10 -> Duesseldorf | C10: =Sheet4!E10 -> Yes | D10: =Sheet4!N10 -> 21.12.2018 | E10: =DATE(VALUE(RIGHT(D10,4)), VALUE(MID(D10,4,2)), VALUE(LEFT(D10,2))) -> 43455 | F10: =Sheet4!U10 -> 11.01.2017 | G10: =DATE(VALUE(RIGHT(F10,4)), VALUE(MID(F10,4,2)), VALUE(LEFT(F10,2))) -> 42746 | H10: =Sheet4!AO10 -> Yes | I10: =Sheet4!AQ10 -> 2 Ni 36/17 (EP), 2 Ni 19/21 (EP) | J10: =Sheet4!AP10 -> - | K10: =Sheet4!AR10 -> - | L10: =DATE(VALUE(RIGHT(K10,4)), VALUE(MID(K10,4,2)), VALUE(LEFT(K10,2))) -> #VALUE! | M10: =Sheet4!AS10 -> 03.07.2017, 22.04.2021 | N10: =DATE(VALUE(RIGHT(M10,4)), VALUE(MID(M10,4,2)), VALUE(LEFT(M10,2))) -> 44380 | P10: =L10-N10 -> #VALUE! | Q10: =L10-E10 -> #VALUE!
A11: =Sheet4!A11 -> 4a O 17/17 | B11: =Sheet4!B11 -> Duesseldorf | C11: =Sheet4!E11 -> Yes | D11: =Sheet4!N11 -> 09.11.2018 | E11: =DATE(VALUE(RIGHT(D11,4)), VALUE(MID(D11,4,2)), VALUE(LEFT(D11,2))) -> 43413 | F11: =Sheet4!U11 -> 10.02.2017 | G11: =DATE(VALUE(RIGHT(F11,4)), VALUE(MID(F11,4,2)), VALUE(LEFT(F11,2))) -> 42776 | H11: =Sheet4!AO11 -> Yes | I11: =Sheet4!AQ11 -> 2 Ni 66/17 (EP), 7 Ni 21/19 (EP) | J11: =Sheet4!AP11 -> - | K11: =Sheet4!AR11 -> - | L11: =DATE(VALUE(RIGHT(K11,4)), VALUE(MID(K11,4,2)), VALUE(LEFT(K11,2))) -> #VALUE! | M11: =Sheet4!AS11 -> 19.10.2017 | N11: =DATE(VALUE(RIGHT(M11,4)), VALUE(MID(M11,4,2)), VALUE(LEFT(M11,2))) -> 43027 | P11: =L11-N11 -> #VALUE! | Q11: =L11-E11 -> #VALUE!
A12: =Sheet4!A12 -> 4c O 81/17 | B12: =Sheet4!B12 -> Duesseldorf | C12: =Sheet4!E12 -> No | D12: =Sheet4!N12 -> 11.07.2018 | E12: =DATE(VALUE(RIGHT(D12,4)), VALUE(MID(D12,4,2)), VALUE(LEFT(D12,2))) -> 43292 | F12: =Sheet4!U12 -> 24.09.2017 | G12: =DATE(VALUE(RIGHT(F12,4)), VALUE(MID(F12,4,2)), VALUE(LEFT(F12,2))) -> 43002 | H12: =Sheet4!AO12 -> Yes | I12: =Sheet4!AQ12 -> 5 Ni 50/16 (EP) | J12: =Sheet4!AP12 -> Partially invalid for Germany | K12: =Sheet4!AR12 -> 12.02.2020 | L12: =DATE(VALUE(RIGHT(K12,4)), VALUE(MID(K12,4,2)), VALUE(LEFT(K12,2))) -> 43873 | M12: =Sheet4!AS12 -> 26.07.2016 | N12: =DATE(VALUE(RIGHT(M12,4)), VALUE(MID(M12,4,2)), VALUE(LEFT(M12,2))) -> 42577 | P12: =L12-N12 -> 1296 | Q12: =L12-E12 -> 581
A13: =Sheet4!A13 -> 4c O 12/17 | B13: =Sheet4!B13 -> Duesseldorf | C13: =Sheet4!E13 -> Yes | D13: =Sheet4!N13 -> 08.01.2019 | E13: =DATE(VALUE(RIGHT(D13,4)), VALUE(MID(D13,4,2)), VALUE(LEFT(D13,2))) -> 43473 | F13: =Sheet4!U13 -> 10.02.2017 | G13: =DATE(VALUE(RIGHT(F13,4)), VALUE(MID(F13,4,2)), VALUE(LEFT(F13,2))) -> 42776 | H13: =Sheet4!AO13 -> Yes | I13: =Sheet4!AQ13 -> 2 Ni 48/17 (EP), 2 Ni 51/17 (EP) | J13: =Sheet4!AP13 -> - | K13: =Sheet4!AR13 -> - | L13: =DATE(VALUE(RIGHT(K13,4)), VALUE(MID(K13,4,2)), VALUE(LEFT(K13,2))) -> #VALUE! | M13: =Sheet4!AS13 -> 24.08.2017 | N13: =DATE(VALUE(RIGHT(M13,4)), VALUE(MID(M13,4,2)), VALUE(LEFT(M13,2))) -> 42971 | P13: =L13-N13 -> #VALUE! | Q13: =L13-E13 -> #VALUE!
A14: =Sheet4!A14 -> 4c O 44/18 | B14: =Sheet4!B14 -> Duesseldorf | C14: =Sheet4!E14 -> Yes | D14: =Sheet4!N14 -> 07.05.2020 | E14: =DATE(VALUE(RIGHT(D14,4)), VALUE(MID(D14,4,2)), VALUE(LEFT(D14,2))) -> 43958 | F14: =Sheet4!U14 -> 0 | G14: =DATE(VALUE(RIGHT(F14,4)), VALUE(MID(F14,4,2)), VALUE(LEFT(F14,2))) -> #VALUE! | H14: =Sheet4!AO14 -> Yes | I14: =Sheet4!AQ14 -> 2 Ni 39/21 (EP) | J14: =Sheet4!AP14 -> Invalid for Germany | K14: =Sheet4!AR14 -> 16.03.2023 | L14: =DATE(VALUE(RIGHT(K14,4)), VALUE(MID(K14,4,2)), VALUE(LEFT(K14,2))) -> 45001 | M14: =Sheet4!AS14 -> 29.03.2019 | N14: =DATE(VALUE(RIGHT(M14,4)), VALUE(MID(M14,4,2)), VALUE(LEFT(M14,2))) -> 43553 | P14: =L14-N14 -> 1448 | Q14: =L14-E14 -> 1043
A15: =Sheet4!A15 -> 4c O 56/18 | B15: =Sheet4!B15 -> Duesseldorf | C15: =Sheet4!E15 -> Yes | D15: =Sheet4!N15 -> 07.05.2020 | E15: =DATE(VALUE(RIGHT(D15,4)), VALUE(MID(D15,4,2)), VALUE(LEFT(D15,2))) -> 43958 | F15: =Sheet4!U15 -> 24.09.2018 | G15: =DATE(VALUE(RIGHT(F15,4)), VALUE(MID(F15,4,2)), VALUE(LEFT(F15,2))) -> 43367 | H15: =Sheet4!AO15 -> Yes | I15: =Sheet4!AQ15 -> 2 Ni 7/21 (EP) | J15: =Sheet4!AP15 -> Partially invalid for Germany | K15: =Sheet4!AR15 -> 27.01.2023 | L15: =DATE(VALUE(RIGHT(K15,4)), VALUE(MID(K15,4,2)), VALUE(LEFT(K15,2))) -> 44953 | M15: =Sheet4!AS15 -> 08.04.2019 | N15: =DATE(VALUE(RIGHT(M15,4)), VALUE(MID(M15,4,2)), VALUE(LEFT(M15,2))) -> 43563 | P15: =L15-N15 -> 1390 | Q15: =L15-E15 -> 995
A16: =Sheet4!A16 -> 4c O 69/18 | B16: =Sheet4!B16 -> Duesseldorf | C16: =Sheet4!E16 -> Yes | D16: =Sheet4!N16 -> 07.05.2020 | E16: =DATE(VALUE(RIGHT(D16,4)), VALUE(MID(D16,4,2)), VALUE(LEFT(D16,2))) -> 43958 | F16: =Sheet4!U16 -> 22.11.2018 | G16: =DATE(VALUE(RIGHT(F16,4)), VALUE(MID(F16,4,2)), VALUE(LEFT(F16,2))) -> 43426 | H16: =Sheet4!AO16 -> Yes | I16: =Sheet4!AQ16 -> 5 Ni 7/19 (EP) | J16: =Sheet4!AP16 -> - | K16: =Sheet4!AR16 -> - | L16: =DATE(VALUE(RIGHT(K16,4)), VALUE(MID(K16,4,2)), VALUE(LEFT(K16,2))) -> #VALUE! | M16: =Sheet4!AS16 -> 24.07.2019 | N16: =DATE(VALUE(RIGHT(M16,4)), VALUE(MID(M16,4,2)), VALUE(LEFT(M16,2))) -> 43670 | P16: =L16-N16 -> #VALUE! | Q16: =L16-E16 -> #VALUE!
A17: =Sheet4!A17 -> 4c O 17/19 | B17: =Sheet4!B17 -> Duesseldorf | C17: =Sheet4!E17 -> n./a. | D17: =Sheet4!N17 -> 26.11.2020 | E17: =DATE(VALUE(RIGHT(D17,4)), VALUE(MID(D17,4,2)), VALUE(LEFT(D17,2))) -> 44161 | F17: =Sheet4!U17 -> 21.03.2019 | G17: =DATE(VALUE(RIGHT(F17,4)), VALUE(MID(F17,4,2)), VALUE(LEFT(F17,2))) -> 43545 | H17: =Sheet4!AO17 -> Yes | I17: =Sheet4!AQ17 -> 2 Ni 37/20 (EP) | J17: =Sheet4!AP17 -> Invalid for Germany | K17: =Sheet4!AR17 -> 17.03.2022 | L17: =DATE(VALUE(RIGHT(K17,4)), VALUE(MID(K17,4,2)), VALUE(LEFT(K17,2))) -> 44637 | M17: =Sheet4!AS17 -> 26.07.2019? | N17: =DATE(VALUE(RIGHT(M17,4)), VALUE(MID(M17,4,2)), VALUE(LEFT(M17,2))) -> #VALUE! | P17: =L17-N17 -> #VALUE! | Q17: =L17-E17 -> 476
A18: =Sheet4!A18 -> 7 O 96/14 | B18: =Sheet4!B18 -> Mannheim | C18: =Sheet4!E18 -> Yes | D18: =Sheet4!N18 -> 08.01.2016 | E18: =DATE(VALUE(RIGHT(D18,4)), VALUE(MID(D18,4,2)), VALUE(LEFT(D18,2))) -> 42377 | F18: =Sheet4!U18 -> 22.06.2014 | G18: =DATE(VALUE(RIGHT(F18,4)), VALUE(MID(F18,4,2)), VALUE(LEFT(F18,2))) -> 41812 | H18: =Sheet4!AO18 -> Yes | I18: =Sheet4!AQ18 -> 2 Ni 23/16, 2 Ni 38/17 (EP), 2 Ni 10/15 (EP) | J18: =Sheet4!AP18 -> - | K18: =Sheet4!AR18 -> - | L18: =DATE(VALUE(RIGHT(K18,4)), VALUE(MID(K18,4,2)), VALUE(LEFT(K18,2))) -> #VALUE! | M18: =Sheet4!AS18 -> 05.06.2015 | N18: =DATE(VALUE(RIGHT(M18,4)), VALUE(MID(M18,4,2)), VALUE(LEFT(M18,2))) -> 42160 | P18: =L18-N18 -> #VALUE! | Q18: =L18-E18 -> #VALUE!
A19: =Sheet4!A19 -> 7 O 66/15 | B19: =Sheet4!B19 -> Mannheim | C19: =Sheet4!E19 -> Yes | D19: =Sheet4!N19 -> 29.01.2016 | E19: =DATE(VALUE(RIGHT(D19,4)), VALUE(MID(D19,4,2)), VALUE(LEFT(D19,2))) -> 42398 | F19: =Sheet4!U19 -> 05.04.2015 | G19: =DATE(VALUE(RIGHT(F19,4)), VALUE(MID(F19,4,2)), VALUE(LEFT(F19,2))) -> 42099 | H19: =Sheet4!AO19 -> Yes | I19: =Sheet4!AQ19 -> 5 Ni 30/15 (EP) | J19: =Sheet4!AP19 -> - | K19: =Sheet4!AR19 -> - | L19: =DATE(VALUE(RIGHT(K19,4)), VALUE(MID(K19,4,2)), VALUE(LEFT(K19,2))) -> #VALUE! | M19: =Sheet4!AS19 -> 03.07.2015 | N19: =DATE(VALUE(RIGHT(M19,4)), VALUE(MID(M19,4,2)), VALUE(LEFT(M19,2))) -> 42188 | P19: =L19-N19 -> #VALUE! | Q19: =L19-E19 -> #VALUE!
... A22: =Sheet4!A22 -> 7 O 19/16 | B22: =Sheet4!B22 -> Mannheim | C22: =Sheet4!E22 -> No | D22: =Sheet4!N22 -> 17.11.2016 | E22: =DATE(VALUE(RIGHT(D22,4)), VALUE(MID(D22,4,2)), VALUE(LEFT(D22,2))) -> 42691 | F22: =Sheet4!U22 -> 19.01.2016 | G22: =DATE(VALUE(RIGHT(F22,4)), VALUE(MID(F22,4,2)), VALUE(LEFT(F22,2))) -> 42388 | H22: =Sheet4!AO22 -> Yes | I22: =Sheet4!AQ22 -> 2 Ni 10/17 (EP) | J22: =Sheet4!AP22 -> Invalid for Germany | K22: =Sheet4!AR22 -> 25.03.2019 | L22: =DATE(VALUE(RIGHT(K22,4)), VALUE(MID(K22,4,2)), VALUE(LEFT(K22,2))) -> 43549 | M22: =Sheet4!AS22 -> 08.04.2016 | N22: =DATE(VALUE(RIGHT(M22,4)), VALUE(MID(M22,4,2)), VALUE(LEFT(M22,2))) -> 42468 | P22: =L22-N22 -> 1081 | Q22: =L22-E22 -> 858
A23: =Sheet4!A23 -> 7 O 209/15 | B23: =Sheet4!B23 -> Mannheim | C23: =Sheet4!E23 -> No | D23: =Sheet4!N23 -> 17.11.2016 | E23: =DATE(VALUE(RIGHT(D23,4)), VALUE(MID(D23,4,2)), VALUE(LEFT(D23,2))) -> 42691 | F23: =Sheet4!U23 -> 31.10.2015 | G23: =DATE(VALUE(RIGHT(F23,4)), VALUE(MID(F23,4,2)), VALUE(LEFT(F23,2))) -> 42308 | H23: =Sheet4!AO23 -> Yes | I23: =Sheet4!AQ23 -> 6 Ni 39/16 (EP) | J23: =Sheet4!AP23 -> Partially invalid for Germany | K23: =Sheet4!AR23 -> 13.11.2018 | L23: =DATE(VALUE(RIGHT(K23,4)), VALUE(MID(K23,4,2)), VALUE(LEFT(K23,2))) -> 43417 | M23: =Sheet4!AS23 -> 24.03.2016 | N23: =DATE(VALUE(RIGHT(M23,4)), VALUE(MID(M23,4,2)), VALUE(LEFT(M23,2))) -> 42453 | P23: =L23-N23 -> 964 | Q23: =L23-E23 -> 726 | AE23: Patents challenged | AF23: =COUNTIFS(C2:C46,"Yes",H2:H46,"Yes") -> 25
A24: =Sheet4!A24 -> 7 O 18/17 | B24: =Sheet4!B24 -> Mannheim | C24: =Sheet4!E24 -> No | D24: =Sheet4!N24 -> 02.03.2018 | E24: =DATE(VALUE(RIGHT(D24,4)), VALUE(MID(D24,4,2)), VALUE(LEFT(D24,2))) -> 43161 | F24: =Sheet4!U24 -> 29.01.2017 | G24: =DATE(VALUE(RIGHT(F24,4)), VALUE(MID(F24,4,2)), VALUE(LEFT(F24,2))) -> 42764 | H24: =Sheet4!AO24 -> Yes | I24: =Sheet4!AQ24 -> 6 Ni 24/17 (EP) | J24: =Sheet4!AP24 -> Charges dismissed | K24: =Sheet4!AR24 -> 02.10.2019 | L24: =DATE(VALUE(RIGHT(K24,4)), VALUE(MID(K24,4,2)), VALUE(LEFT(K24,2))) -> 43740 | M24: =Sheet4!AS24 -> 17.06.2019 | N24: =DATE(VALUE(RIGHT(M24,4)), VALUE(MID(M24,4,2)), VALUE(LEFT(M24,2))) -> 43633 | P24: =L24-N24 -> 107 | Q24: =L24-E24 -> 579 | AE24: Patents not challenged | AF24: =COUNTIFS(C2:C46,"Yes",H2:H46,"No") + COUNTIFS(C2:C46,"Yes",H2:H46,"?") -> 2
A25: =Sheet4!A25 -> 2 O 136/18 | B25: =Sheet4!B25 -> Mannheim | C25: =Sheet4!E25 -> No | D25: =Sheet4!N25 -> 21.08.2020 | E25: =DATE(VALUE(RIGHT(D25,4)), VALUE(MID(D25,4,2)), VALUE(LEFT(D25,2))) -> 44064 | F25: =Sheet4!U25 -> 17.10.2018 | G25: =DATE(VALUE(RIGHT(F25,4)), VALUE(MID(F25,4,2)), VALUE(LEFT(F25,2))) -> 43390 | H25: =Sheet4!AO25 -> Yes | I25: =Sheet4!AQ25 -> 2 Ni 14/17 (EP) | J25: =Sheet4!AP25 -> Partially invalid for Germany | K25: =Sheet4!AR25 -> 19.09.2019 | L25: =DATE(VALUE(RIGHT(K25,4)), VALUE(MID(K25,4,2)), VALUE(LEFT(K25,2))) -> 43727 | M25: =Sheet4!AS25 -> 10.03.2017? | N25: =DATE(VALUE(RIGHT(M25,4)), VALUE(MID(M25,4,2)), VALUE(LEFT(M25,2))) -> #VALUE! | P25: =L25-N25 -> #VALUE! | Q25: =L25-E25 -> -337 | AE25: Injunctions with conflicting validity decision | AF25: =COUNTIFS(C2:C46, "Yes", J2:J46, "Invalid for Germany") + COUNTIFS(C2:C46, "Yes", J2:J46, "Partially invalid for Germany") + COUNTIFS(C2:C46, "Yes", J2:J46, "Fully revoked") -> 12
A26: =Sheet4!A26 -> 2 O 131/19 | B26: =Sheet4!B26 -> Mannheim | C26: =Sheet4!E26 -> Yes | D26: =Sheet4!N26 -> 02.03.2021 | E26: =DATE(VALUE(RIGHT(D26,4)), VALUE(MID(D26,4,2)), VALUE(LEFT(D26,2))) -> 44257 | F26: =Sheet4!U26 -> 0 | G26: =DATE(VALUE(RIGHT(F26,4)), VALUE(MID(F26,4,2)), VALUE(LEFT(F26,2))) -> #VALUE! | H26: =Sheet4!AO26 -> ? | I26: =Sheet4!AQ26 -> ? | J26: =Sheet4!AP26 -> ? | K26: =Sheet4!AR26 -> ? | L26: =DATE(VALUE(RIGHT(K26,4)), VALUE(MID(K26,4,2)), VALUE(LEFT(K26,2))) -> #VALUE! | M26: =Sheet4!AS26 -> ? | N26: =DATE(VALUE(RIGHT(M26,4)), VALUE(MID(M26,4,2)), VALUE(LEFT(M26,2))) -> #VALUE! | P26: =L26-N26 -> #VALUE! | Q26: =L26-E26 -> #VALUE! | AE26: Injunctions w.o. conflicting validity decision | AF26: =COUNTIFS(C2:C46, "Yes", J2:J46, "Charges dismissed") + COUNTIFS(C2:C46, "Yes", H2:H46, "Yes", J2:J46, "-") -> 13
A27: =Sheet4!A27 -> 2 O 34/19 | B27: =Sheet4!B27 -> Mannheim | C27: =Sheet4!E27 -> Yes | D27: =Sheet4!N27 -> 18.08.2020 | E27: =DATE(VALUE(RIGHT(D27,4)), VALUE(MID(D27,4,2)), VALUE(LEFT(D27,2))) -> 44061 | F27: =Sheet4!U27 -> 21.03.2019 | G27: =DATE(VALUE(RIGHT(F27,4)), VALUE(MID(F27,4,2)), VALUE(LEFT(F27,2))) -> 43545 | H27: =Sheet4!AO27 -> Yes | I27: =Sheet4!AQ27 -> 5 Ni 24/19 (EP) | J27: =Sheet4!AP27 -> - | K27: =Sheet4!AR27 -> - | L27: =DATE(VALUE(RIGHT(K27,4)), VALUE(MID(K27,4,2)), VALUE(LEFT(K27,2))) -> #VALUE! | M27: =Sheet4!AS27 -> 04.12.2019 | N27: =DATE(VALUE(RIGHT(M27,4)), VALUE(MID(M27,4,2)), VALUE(LEFT(M27,2))) -> 43803 | P27: =L27-N27 -> #VALUE! | Q27: =L27-E27 -> #VALUE! | T27: Yes | U27: No | W27: ?
A28: =Sheet4!A28 -> 7 O 15350/19 | B28: =Sheet4!B28 -> Munich | C28: =Sheet4!E28 -> Yes | D28: =Sheet4!N28 -> 19.08.2021 | E28: =DATE(VALUE(RIGHT(D28,4)), VALUE(MID(D28,4,2)), VALUE(LEFT(D28,2))) -> 44427 | F28: =Sheet4!U28 -> 10.10.2019 | G28: =DATE(VALUE(RIGHT(F28,4)), VALUE(MID(F28,4,2)), VALUE(LEFT(F28,2))) -> 43748 | H28: =Sheet4!AO28 -> Yes | I28: =Sheet4!AQ28 -> 4 Ni 11/21 (EP) | J28: =Sheet4!AP28 -> Invalid for Germany | K28: =Sheet4!AR28 -> 02.08.2022 | L28: =DATE(VALUE(RIGHT(K28,4)), VALUE(MID(K28,4,2)), VALUE(LEFT(K28,2))) -> 44775 | M28: =Sheet4!AS28 -> 10.09.2020 | N28: =DATE(VALUE(RIGHT(M28,4)), VALUE(MID(M28,4,2)), VALUE(LEFT(M28,2))) -> 44084 | P28: =L28-N28 -> 691 | Q28: =L28-E28 -> 348 | S28: Injunction granted | T28: =COUNTIFS($C$2:$C$46, $T$27, $H$2:$H$46, T$27) -> 25 | U28: =COUNTIFS($C$2:$C$46, $T$27, $H$2:$H$46, U$27) -> 1 | W28: =COUNTIFS($C$2:$C$46, $T$27, $H$2:$H$46, W$27) -> 1
A29: =Sheet4!A29 -> 2 O 75/21 | B29: =Sheet4!B29 -> Mannheim | C29: =Sheet4!E29 -> Yes | D29: =Sheet4!N29 -> 05.07.2022 | E29: =DATE(VALUE(RIGHT(D29,4)), VALUE(MID(D29,4,2)), VALUE(LEFT(D29,2))) -> 44747 | F29: =Sheet4!U29 -> 08.07.2021 | G29: =DATE(VALUE(RIGHT(F29,4)), VALUE(MID(F29,4,2)), VALUE(LEFT(F29,2))) -> 44385 | H29: =Sheet4!AO29 -> Yes | I29: =Sheet4!AQ29 -> 5 Ni 60/21 (EP) | J29: =Sheet4!AP29 -> - | K29: =Sheet4!AR29 -> - | L29: =DATE(VALUE(RIGHT(K29,4)), VALUE(MID(K29,4,2)), VALUE(LEFT(K29,2))) -> #VALUE! | M29: =Sheet4!AS29 -> 06.12.2021 | N29: =DATE(VALUE(RIGHT(M29,4)), VALUE(MID(M29,4,2)), VALUE(LEFT(M29,2))) -> 44536 | P29: =L29-N29 -> #VALUE! | Q29: =L29-E29 -> #VALUE! | S29: Injunction not granted | T29: =COUNTIFS($C$2:$C$46, $U$27, $H$2:$H$46, T$27) -> 16 | U29: =COUNTIFS($C$2:$C$46, $U$27, $H$2:$H$46, U$27) -> 0 | W29: =COUNTIFS($C$2:$C$46, $U$27, $H$2:$H$46, W$27) -> 1
A30: =Sheet4!A30 -> 7 O 28/16 | B30: =Sheet4!B30 -> Mannheim | C30: =Sheet4!E30 -> No | D30: =Sheet4!N30 -> 10.11.2017 | E30: =DATE(VALUE(RIGHT(D30,4)), VALUE(MID(D30,4,2)), VALUE(LEFT(D30,2))) -> 43049 | F30: =Sheet4!U30 -> 03.02.2016 | G30: =DATE(VALUE(RIGHT(F30,4)), VALUE(MID(F30,4,2)), VALUE(LEFT(F30,2))) -> 42403 | H30: =Sheet4!AO30 -> Yes | I30: =Sheet4!AQ30 -> 6 Ni 50/16 (EP) | J30: =Sheet4!AP30 -> Invalid for Germany | K30: =Sheet4!AR30 -> 09.01.2020 | L30: =DATE(VALUE(RIGHT(K30,4)), VALUE(MID(K30,4,2)), VALUE(LEFT(K30,2))) -> 43839 | M30: =Sheet4!AS30 -> 04.05.2016 | N30: =DATE(VALUE(RIGHT(M30,4)), VALUE(MID(M30,4,2)), VALUE(LEFT(M30,2))) -> 42494 | P30: =L30-N30 -> 1345 | Q30: =L30-E30 -> 790 | S30: n./a. | T30: =COUNTIFS($C$2:$C$46, "n./a.", $H$2:$H$46, T$27) -> 1 | U30: =COUNTIFS($C$2:$C$46, "n./a.", $H$2:$H$46, U$27) -> 0 | W30: =COUNTIFS($C$2:$C$46, "n./a.", $H$2:$H$46, W$27) -> 0
A31: =Sheet4!A31 -> 2 O 106/14 | B31: =Sheet4!B31 -> Mannheim | C31: =Sheet4!E31 -> Yes | D31: =Sheet4!N31 -> 27.11.2015 | E31: =DATE(VALUE(RIGHT(D31,4)), VALUE(MID(D31,4,2)), VALUE(LEFT(D31,2))) -> 42335 | F31: =Sheet4!U31 -> 15.06.2014 | G31: =DATE(VALUE(RIGHT(F31,4)), VALUE(MID(F31,4,2)), VALUE(LEFT(F31,2))) -> 41805 | H31: =Sheet4!AO31 -> Yes | I31: =Sheet4!AQ31 -> 4 Ni 6/15 (EP), 6 Ni 7/16 (EP), 6 Ni 63/16 (EP), 4 Ni 33/14 (EP) | J31: =Sheet4!AP31 -> - | K31: =Sheet4!AR31 -> - | L31: =DATE(VALUE(RIGHT(K31,4)), VALUE(MID(K31,4,2)), VALUE(LEFT(K31,2))) -> #VALUE! | M31: =Sheet4!AS31 -> 06.11.2014 | N31: =DATE(VALUE(RIGHT(M31,4)), VALUE(MID(M31,4,2)), VALUE(LEFT(M31,2))) -> 41949 | P31: =L31-N31 -> #VALUE! | Q31: =L31-E31 -> #VALUE! | T31: =SUM(T28:T30) -> 42 | U31: =SUM(U28:U30) -> 1 | W31: =SUM(W28:W30) -> 2 | X31: =SUM(T31:W31) -> 45
A32: =Sheet4!A32 -> 21 O 11522/21 | B32: =Sheet4!B32 -> Munich | C32: =Sheet4!E32 -> Yes | D32: =Sheet4!N32 -> 05.08.2022 | E32: =DATE(VALUE(RIGHT(D32,4)), VALUE(MID(D32,4,2)), VALUE(LEFT(D32,2))) -> 44778 | F32: =Sheet4!U32 -> 0 | G32: =DATE(VALUE(RIGHT(F32,4)), VALUE(MID(F32,4,2)), VALUE(LEFT(F32,2))) -> #VALUE! | H32: =Sheet4!AO32 -> Yes | I32: =Sheet4!AQ32 -> 4 Ni 33/22 (EP) | J32: =Sheet4!AP32 -> - | K32: =Sheet4!AR32 -> - | L32: =DATE(VALUE(RIGHT(K32,4)), VALUE(MID(K32,4,2)), VALUE(LEFT(K32,2))) -> #VALUE! | M32: =Sheet4!AS32 -> 19.04.2022 | N32: =DATE(VALUE(RIGHT(M32,4)), VALUE(MID(M32,4,2)), VALUE(LEFT(M32,2))) -> 44670 | P32: =L32-N32 -> #VALUE! | Q32: =L32-E32 -> #VALUE!
A33: =Sheet4!A33 -> 21 O 1910/22 | B33: =Sheet4!B33 -> Munich | C33: =Sheet4!E33 -> Yes | D33: =Sheet4!N33 -> 19.04.2023 | E33: =DATE(VALUE(RIGHT(D33,4)), VALUE(MID(D33,4,2)), VALUE(LEFT(D33,2))) -> 45035 | F33: =Sheet4!U33 -> 0 | G33: =DATE(VALUE(RIGHT(F33,4)), VALUE(MID(F33,4,2)), VALUE(LEFT(F33,2))) -> #VALUE! | H33: =Sheet4!AO33 -> Yes | I33: =Sheet4!AQ33 -> 4 Ni 9/21 (EP) | J33: =Sheet4!AP33 -> Charges dismissed | K33: =Sheet4!AR33 -> 06.12.2021 | L33: =DATE(VALUE(RIGHT(K33,4)), VALUE(MID(K33,4,2)), VALUE(LEFT(K33,2))) -> 44536 | M33: =Sheet4!AS33 -> 08.05.2020 | N33: =DATE(VALUE(RIGHT(M33,4)), VALUE(MID(M33,4,2)), VALUE(LEFT(M33,2))) -> 43959 | P33: =L33-N33 -> 577 | Q33: =L33-E33 -> -499
A34: =Sheet4!A34 -> 21 O 4140/21 | B34: =Sheet4!B34 -> Munich | C34: =Sheet4!E34 -> Yes | D34: =Sheet4!N34 -> 17.02.2023 | E34: =DATE(VALUE(RIGHT(D34,4)), VALUE(MID(D34,4,2)), VALUE(LEFT(D34,2))) -> 44974 | F34: =Sheet4!U34 -> 0 | G34: =DATE(VALUE(RIGHT(F34,4)), VALUE(MID(F34,4,2)), VALUE(LEFT(F34,2))) -> #VALUE! | H34: =Sheet4!AO34 -> Yes | I34: =Sheet4!AQ34 -> 2 Ni 7/21 (EP) | J34: =Sheet4!AP34 -> Partially invalid for Germany | K34: =Sheet4!AR34 -> 27.01.2023 | L34: =DATE(VALUE(RIGHT(K34,4)), VALUE(MID(K34,4,2)), VALUE(LEFT(K34,2))) -> 44953 | M34: =Sheet4!AS34 -> 08.04.2019 | N34: =DATE(VALUE(RIGHT(M34,4)), VALUE(MID(M34,4,2)), VALUE(LEFT(M34,2))) -> 43563 | P34: =L34-N34 -> 1390 | Q34: =L34-E34 -> -21
A35: =Sheet4!A35 -> 7 O 8818/19 | B35: =Sheet4!B35 -> Munich | C35: =Sheet4!E35 -> Yes | D35: =Sheet4!N35 -> 10.09.2020 | E35: =DATE(VALUE(RIGHT(D35,4)), VALUE(MID(D35,4,2)), VALUE(LEFT(D35,2))) -> 44084 | F35: =Sheet4!U35 -> 28.06.2019 | G35: =DATE(VALUE(RIGHT(F35,4)), VALUE(MID(F35,4,2)), VALUE(LEFT(F35,2))) -> 43644 | H35: =Sheet4!AO35 -> Yes | I35: =Sheet4!AQ35 -> 6 Ni 2/20 (EP), 8 Ni 12/23 (EP), 4 Ni 7/22 (EP) | J35: =Sheet4!AP35 -> - | K35: =Sheet4!AR35 -> - | L35: =DATE(VALUE(RIGHT(K35,4)), VALUE(MID(K35,4,2)), VALUE(LEFT(K35,2))) -> #VALUE! | M35: =Sheet4!AS35 -> 10.02.2020, 09.02.2020 | N35: =DATE(VALUE(RIGHT(M35,4)), VALUE(MID(M35,4,2)), VALUE(LEFT(M35,2))) -> 43871 | P35: =L35-N35 -> #VALUE! | Q35: =L35-E35 -> #VALUE!
A36: =Sheet4!A36 -> 4a O 27/16 | B36: =Sheet4!B36 -> Duesseldorf | C36: =Sheet4!E36 -> No | D36: =Sheet4!N36 -> 13.07.2017 | E36: =DATE(VALUE(RIGHT(D36,4)), VALUE(MID(D36,4,2)), VALUE(LEFT(D36,2))) -> 42929 | F36: =Sheet4!U36 -> 18.03.2016 | G36: =DATE(VALUE(RIGHT(F36,4)), VALUE(MID(F36,4,2)), VALUE(LEFT(F36,2))) -> 42447 | H36: =Sheet4!AO36 -> Yes | I36: =Sheet4!AQ36 -> 6 Ni 10/15 (EP) | J36: =Sheet4!AP36 -> Partially invalid for Germany | K36: =Sheet4!AR36 -> 06.10.2017 | L36: =DATE(VALUE(RIGHT(K36,4)), VALUE(MID(K36,4,2)), VALUE(LEFT(K36,2))) -> 43014 | M36: =Sheet4!AS36 -> 13.03.2015 | N36: =DATE(VALUE(RIGHT(M36,4)), VALUE(MID(M36,4,2)), VALUE(LEFT(M36,2))) -> 42076 | P36: =L36-N36 -> 938 | Q36: =L36-E36 -> 85
A37: =Sheet4!A37 -> 4a O 154/15 | B37: =Sheet4!B37 -> Duesseldorf | C37: =Sheet4!E37 -> No | D37: =Sheet4!N37 -> 13.07.2017 | E37: =DATE(VALUE(RIGHT(D37,4)), VALUE(MID(D37,4,2)), VALUE(LEFT(D37,2))) -> 42929 | F37: =Sheet4!U37 -> 06.11.2015 | G37: =DATE(VALUE(RIGHT(F37,4)), VALUE(MID(F37,4,2)), VALUE(LEFT(F37,2))) -> 42314 | H37: =Sheet4!AO37 -> Yes | I37: =Sheet4!AQ37 -> 6 Ni 10/15 (EP) | J37: =Sheet4!AP37 -> Partially invalid for Germany | K37: =Sheet4!AR37 -> 06.10.2017 | L37: =DATE(VALUE(RIGHT(K37,4)), VALUE(MID(K37,4,2)), VALUE(LEFT(K37,2))) -> 43014 | M37: =Sheet4!AS37 -> 13.03.2015 | N37: =DATE(VALUE(RIGHT(M37,4)), VALUE(MID(M37,4,2)), VALUE(LEFT(M37,2))) -> 42076 | P37: =L37-N37 -> 938 | Q37: =L37-E37 -> 85
A38: =Sheet4!A38 -> 14d O 13/17 | B38: =Sheet4!B38 -> Duesseldorf | C38: =Sheet4!E38 -> No | D38: =Sheet4!N38 -> 09.11.2017 | E38: =DATE(VALUE(RIGHT(D38,4)), VALUE(MID(D38,4,2)), VALUE(LEFT(D38,2))) -> 43048 | F38: =Sheet4!U38 -> 07.09.2015 | G38: =DATE(VALUE(RIGHT(F38,4)), VALUE(MID(F38,4,2)), VALUE(LEFT(F38,2))) -> 42254 | H38: =Sheet4!AO38 -> ? | I38: =Sheet4!AQ38 -> ? | J38: =Sheet4!AP38 -> ? | K38: =Sheet4!AR38 -> ? | L38: =DATE(VALUE(RIGHT(K38,4)), VALUE(MID(K38,4,2)), VALUE(LEFT(K38,2))) -> #VALUE! | M38: =Sheet4!AS38 -> ? | N38: =DATE(VALUE(RIGHT(M38,4)), VALUE(MID(M38,4,2)), VALUE(LEFT(M38,2))) -> #VALUE! | P38: =L38-N38 -> #VALUE! | Q38: =L38-E38 -> #VALUE!
A39: =Sheet4!A39 -> 7 O 38/14 | B39: =Sheet4!B39 -> Mannheim | C39: =Sheet4!E39 -> No | D39: =Sheet4!N39 -> 26.02.2016 | E39: =DATE(VALUE(RIGHT(D39,4)), VALUE(MID(D39,4,2)), VALUE(LEFT(D39,2))) -> 42426 | F39: =Sheet4!U39 -> 21.03.2014 | G39: =DATE(VALUE(RIGHT(F39,4)), VALUE(MID(F39,4,2)), VALUE(LEFT(F39,2))) -> 41719 | H39: =Sheet4!AO39 -> Yes | I39: =Sheet4!AQ39 -> 19 W (pat) 69/13 | J39: =Sheet4!AP39 -> Fully revoked | K39: =Sheet4!AR39 -> 12.04.2016 | L39: =DATE(VALUE(RIGHT(K39,4)), VALUE(MID(K39,4,2)), VALUE(LEFT(K39,2))) -> 42472 | M39: =Sheet4!AS39 -> 21.11.2013 | N39: =DATE(VALUE(RIGHT(M39,4)), VALUE(MID(M39,4,2)), VALUE(LEFT(M39,2))) -> 41599 | P39: =L39-N39 -> 873 | Q39: =L39-E39 -> 46
A40: =Sheet4!A40 -> 7 O 24/14 | B40: =Sheet4!B40 -> Mannheim | C40: =Sheet4!E40 -> Yes | D40: 04.03.2016 | E40: =DATE(VALUE(RIGHT(D40,4)), VALUE(MID(D40,4,2)), VALUE(LEFT(D40,2))) -> 42433 | F40: =Sheet4!U40 -> 26.02.2014 | G40: =DATE(VALUE(RIGHT(F40,4)), VALUE(MID(F40,4,2)), VALUE(LEFT(F40,2))) -> 41696 | H40: =Sheet4!AO40 -> Yes | I40: =Sheet4!AQ40 -> 2 Ni 5/16 (EP) | J40: =Sheet4!AP40 -> Invalid for Germany | K40: =Sheet4!AR40 -> 02.02.2017 | L40: =DATE(VALUE(RIGHT(K40,4)), VALUE(MID(K40,4,2)), VALUE(LEFT(K40,2))) -> 42768 | M40: =Sheet4!AS40 -> 23.07.2014 | N40: =DATE(VALUE(RIGHT(M40,4)), VALUE(MID(M40,4,2)), VALUE(LEFT(M40,2))) -> 41843 | P40: =L40-N40 -> 925 | Q40: =L40-E40 -> 335
A41: =Sheet4!A41 -> 7 O 26/14 | B41: =Sheet4!B41 -> Mannheim | C41: =Sheet4!E41 -> Yes | D41: 11.03.2016 | E41: =DATE(VALUE(RIGHT(D41,4)), VALUE(MID(D41,4,2)), VALUE(LEFT(D41,2))) -> 42440 | F41: =Sheet4!U41 -> 01.03.2014 | G41: =DATE(VALUE(RIGHT(F41,4)), VALUE(MID(F41,4,2)), VALUE(LEFT(F41,2))) -> 41699 | H41: =Sheet4!AO41 -> Yes | I41: =Sheet4!AQ41 -> 2 Ni 5/16 (EP) | J41: =Sheet4!AP41 -> Invalid for Germany | K41: =Sheet4!AR41 -> 02.02.2017 | L41: =DATE(VALUE(RIGHT(K41,4)), VALUE(MID(K41,4,2)), VALUE(LEFT(K41,2))) -> 42768 | M41: =Sheet4!AS41 -> 23.07.2014 | N41: =DATE(VALUE(RIGHT(M41,4)), VALUE(MID(M41,4,2)), VALUE(LEFT(M41,2))) -> 41843 | P41: =L41-N41 -> 925 | Q41: =L41-E41 -> 328
A42: =Sheet4!A42 -> 7 O 43/16 | B42: =Sheet4!B42 -> Mannheim | C42: =Sheet4!E42 -> Yes | D42: =Sheet4!N42 -> 25.11.2016 | E42: =DATE(VALUE(RIGHT(D42,4)), VALUE(MID(D42,4,2)), VALUE(LEFT(D42,2))) -> 42699 | F42: =Sheet4!U42 -> 28.02.2016 | G42: =DATE(VALUE(RIGHT(F42,4)), VALUE(MID(F42,4,2)), VALUE(LEFT(F42,2))) -> 42428 | H42: =Sheet4!AO42 -> Yes | I42: =Sheet4!AQ42 -> 2 Ni 10/17 (EP) | J42: =Sheet4!AP42 -> Invalid for Germany | K42: =Sheet4!AR42 -> 25.03.2019 | L42: =DATE(VALUE(RIGHT(K42,4)), VALUE(MID(K42,4,2)), VALUE(LEFT(K42,2))) -> 43549 | M42: =Sheet4!AS42 -> 08.04.2016 | N42: =DATE(VALUE(RIGHT(M42,4)), VALUE(MID(M42,4,2)), VALUE(LEFT(M42,2))) -> 42468 | P42: =L42-N42 -> 1081 | Q42: =L42-E42 -> 850
A43: =Sheet4!A43 -> 7 O 44/16 | B43: =Sheet4!B43 -> Mannheim | C43: =Sheet4!E43 -> Yes | D43: =Sheet4!N43 -> 25.11.2016 | E43: =DATE(VALUE(RIGHT(D43,4)), VALUE(MID(D43,4,2)), VALUE(LEFT(D43,2))) -> 42699 | F43: =Sheet4!U43 -> 01.03.2016 | G43: =DATE(VALUE(RIGHT(F43,4)), VALUE(MID(F43,4,2)), VALUE(LEFT(F43,2))) -> 42430 | H43: =Sheet4!AO43 -> Yes | I43: =Sheet4!AQ43 -> 5 Ni 38/16 (EP) | J43: =Sheet4!AP43 -> Partially invalid for Germany | K43: =Sheet4!AR43 -> 26.06.2019 | L43: =DATE(VALUE(RIGHT(K43,4)), VALUE(MID(K43,4,2)), VALUE(LEFT(K43,2))) -> 43642 | M43: =Sheet4!AS43 -> 12.05.2016 | N43: =DATE(VALUE(RIGHT(M43,4)), VALUE(MID(M43,4,2)), VALUE(LEFT(M43,2))) -> 42502 | P43: =L43-N43 -> 1140 | Q43: =L43-E43 -> 943
A44: =Sheet4!A44 -> 7 O 212/15 | B44: =Sheet4!B44 -> Mannheim | C44: =Sheet4!E44 -> Yes | D44: =Sheet4!N44 -> 27.01.2017 | E44: =DATE(VALUE(RIGHT(D44,4)), VALUE(MID(D44,4,2)), VALUE(LEFT(D44,2))) -> 42762 | F44: =Sheet4!U44 -> 05.11.2015 | G44: =DATE(VALUE(RIGHT(F44,4)), VALUE(MID(F44,4,2)), VALUE(LEFT(F44,2))) -> 42313 | H44: =Sheet4!AO44 -> Yes | I44: =Sheet4!AQ44 -> 6 Ni 39/16 (EP) | J44: =Sheet4!AP44 -> Partially invalid for Germany | K44: =Sheet4!AR44 -> 13.11.2018 | L44: =DATE(VALUE(RIGHT(K44,4)), VALUE(MID(K44,4,2)), VALUE(LEFT(K44,2))) -> 43417 | M44: =Sheet4!AS44 -> 24.03.2016 | N44: =DATE(VALUE(RIGHT(M44,4)), VALUE(MID(M44,4,2)), VALUE(LEFT(M44,2))) -> 42453 | P44: =L44-N44 -> 964 | Q44: =L44-E44 -> 655
A45: =Sheet4!A45 -> 7 O 31/16 | B45: =Sheet4!B45 -> Mannheim | C45: =Sheet4!E45 -> No | D45: =Sheet4!N45 -> 24.02.2017 | E45: =DATE(VALUE(RIGHT(D45,4)), VALUE(MID(D45,4,2)), VALUE(LEFT(D45,2))) -> 42790 | F45: =Sheet4!U45 -> 08.02.2016 | G45: =DATE(VALUE(RIGHT(F45,4)), VALUE(MID(F45,4,2)), VALUE(LEFT(F45,2))) -> 42408 | H45: =Sheet4!AO45 -> Yes | I45: =Sheet4!AQ45 -> 6 Ni 50/16 (EP) | J45: =Sheet4!AP45 -> Invalid for Germany | K45: =Sheet4!AR45 -> 09.01.2020 | L45: =DATE(VALUE(RIGHT(K45,4)), VALUE(MID(K45,4,2)), VALUE(LEFT(K45,2))) -> 43839 | M45: =Sheet4!AS45 -> 04.05.2016 | N45: =DATE(VALUE(RIGHT(M45,4)), VALUE(MID(M45,4,2)), VALUE(LEFT(M45,2))) -> 42494 | P45: =L45-N45 -> 1345 | Q45: =L45-E45 -> 1049
A46: =Sheet4!A46 -> 2 O 98/16 | B46: =Sheet4!B46 -> Mannheim | C46: =Sheet4!E46 -> No | D46: =Sheet4!N46 -> 23.05.2017 | E46: =DATE(VALUE(RIGHT(D46,4)), VALUE(MID(D46,4,2)), VALUE(LEFT(D46,2))) -> 42878 | F46: =Sheet4!U46 -> 0 | G46: =DATE(VALUE(RIGHT(F46,4)), VALUE(MID(F46,4,2)), VALUE(LEFT(F46,2))) -> #VALUE! | H46: =Sheet4!AO46 -> Yes | I46: =Sheet4!AQ46 -> 6 Ni 67/16 (EP) | J46: =Sheet4!AP46 -> Partially invalid for Germany | K46: =Sheet4!AR46 -> 05.12.2018 | L46: =DATE(VALUE(RIGHT(K46,4)), VALUE(MID(K46,4,2)), VALUE(LEFT(K46,2))) -> 43439 | M46: =Sheet4!AS46 -> 08.09.2016 | N46: =DATE(VALUE(RIGHT(M46,4)), VALUE(MID(M46,4,2)), VALUE(LEFT(M46,2))) -> 42621 | P46: =L46-N46 -> 818 | Q46: =L46-E46 -> 561

Sheet FRAND pools and worldwide
C1: Worldwide | J1: Pool
C2: Yes | D2: ? | J2: Yes | K2: ?
A3: Injunction | B3: Yes | C3: =COUNTIFS(Sheet4!$E$2:$E$46,$B3,Sheet4!$AG$2:$AG$46,C$2,Sheet4!$O$2:$O$46, "<>1") -> 14 | D3: =COUNTIFS(Sheet4!$E$2:$E$46,$B3,Sheet4!$AG$2:$AG$46,D$2,Sheet4!$O$2:$O$46, "<>1") -> 5 | H3: Injunction | I3: Yes | J3: =COUNTIFS(Sheet4!$E$2:$E$46,$I3,Sheet4!$AF$2:$AF$46,J$2,Sheet4!$O$2:$O$46, "<>1") -> 11 | K3: =COUNTIFS(Sheet4!$E$2:$E$46,$I3,Sheet4!$AF$2:$AF$46,K$2,Sheet4!$O$2:$O$46, "<>1") -> 8
B4: No | C4: =COUNTIFS(Sheet4!$E$2:$E$46,$B4,Sheet4!$AG$2:$AG$46,C$2,Sheet4!$O$2:$O$46, "<>1") -> 10 | D4: =COUNTIFS(Sheet4!$E$2:$E$46,$B4,Sheet4!$AG$2:$AG$46,D$2,Sheet4!$O$2:$O$46, "<>1") -> 5 | I4: No | J4: =COUNTIFS(Sheet4!$E$2:$E$46,$I4,Sheet4!$AF$2:$AF$46,J$2,Sheet4!$O$2:$O$46, "<>1") -> 0 | K4: =COUNTIFS(Sheet4!$E$2:$E$46,$I4,Sheet4!$AF$2:$AF$46,K$2,Sheet4!$O$2:$O$46, "<>1") -> 15
B5: n./a. | C5: =COUNTIFS(Sheet4!$E$2:$E$46,$B5,Sheet4!$AG$2:$AG$46,C$2,Sheet4!$O$2:$O$46, "<>1") -> 0 | D5: =COUNTIFS(Sheet4!$E$2:$E$46,$B5,Sheet4!$AG$2:$AG$46,D$2,Sheet4!$O$2:$O$46, "<>1") -> 1 | I5: n./a. | J5: =COUNTIFS(Sheet4!$E$2:$E$46,$I5,Sheet4!$AF$2:$AF$46,J$2,Sheet4!$O$2:$O$46, "<>1") -> 1 | K5: =COUNTIFS(Sheet4!$E$2:$E$46,$I5,Sheet4!$AF$2:$AF$46,K$2,Sheet4!$O$2:$O$46, "<>1") -> 0
C6: =SUM(C3:C5) -> 24 | D6: =SUM(D3:D5) -> 11 | E6: =SUM(C6:D6) -> 35 | J6: =SUM(J3:J5) -> 12 | K6: =SUM(K3:K5) -> 23 | L6: =SUM(J6:K6) -> 35
